-- phpMyAdmin SQL Dump
-- version 4.1.12
-- http://www.phpmyadmin.net
--
-- Client :  127.0.0.1
-- Généré le :  Mer 03 Août 2016 à 17:24
-- Version du serveur :  5.6.16
-- Version de PHP :  5.5.11

SET SQL_MODE = "NO_AUTO_VALUE_ON_ZERO";
SET time_zone = "+00:00";


/*!40101 SET @OLD_CHARACTER_SET_CLIENT=@@CHARACTER_SET_CLIENT */;
/*!40101 SET @OLD_CHARACTER_SET_RESULTS=@@CHARACTER_SET_RESULTS */;
/*!40101 SET @OLD_COLLATION_CONNECTION=@@COLLATION_CONNECTION */;
/*!40101 SET NAMES utf8 */;

--
-- Base de données :  `platformer`
--

-- --------------------------------------------------------

--
-- Structure de la table `achievements`
--

CREATE TABLE IF NOT EXISTS `achievements` (
  `id_a` int(11) NOT NULL AUTO_INCREMENT,
  `title` varchar(255) DEFAULT NULL,
  `description` text,
  `conditions` text,
  `rewards` text,
  `difficulty` int(11) DEFAULT NULL,
  PRIMARY KEY (`id_a`)
) ENGINE=InnoDB  DEFAULT CHARSET=utf8 AUTO_INCREMENT=2 ;

--
-- Contenu de la table `achievements`
--

INSERT INTO `achievements` (`id_a`, `title`, `description`, `conditions`, `rewards`, `difficulty`) VALUES
(1, 'Achieve 1', 'azeazeaeaea', '{"user":{"xp":154}}', '{"xp":100}', 1);

-- --------------------------------------------------------

--
-- Structure de la table `followers`
--

CREATE TABLE IF NOT EXISTS `followers` (
  `id_f` int(11) NOT NULL AUTO_INCREMENT,
  `id_follower` int(11) DEFAULT NULL,
  `id_followed` int(11) DEFAULT NULL,
  PRIMARY KEY (`id_f`)
) ENGINE=InnoDB  DEFAULT CHARSET=utf8 AUTO_INCREMENT=2 ;

--
-- Contenu de la table `followers`
--

INSERT INTO `followers` (`id_f`, `id_follower`, `id_followed`) VALUES
(1, 4, 1);

-- --------------------------------------------------------

--
-- Structure de la table `maps`
--

CREATE TABLE IF NOT EXISTS `maps` (
  `id_m` int(11) NOT NULL AUTO_INCREMENT,
  `timestamp` int(11) DEFAULT NULL,
  `tiles` text,
  `player` text,
  `master` int(11) DEFAULT NULL,
  `gold` int(11) DEFAULT NULL,
  `silver` int(11) DEFAULT NULL,
  `bronze` int(11) DEFAULT NULL,
  PRIMARY KEY (`id_m`)
) ENGINE=InnoDB  DEFAULT CHARSET=utf8 AUTO_INCREMENT=4 ;

--
-- Contenu de la table `maps`
--

INSERT INTO `maps` (`id_m`, `timestamp`, `tiles`, `player`, `master`, `gold`, `silver`, `bronze`) VALUES
(1, 1463221362, '[[0,0,0,0,0,0,0,0,0,0,0,0,1,0,0,0,0,0,0,0],[0,0,0,0,0,0,0,0,0,0,0,0,1,0,0,0,0,0,0,0],[0,0,0,0,0,0,0,0,1,0,0,0,1,0,0,0,0,0,0,0],[0,0,0,0,0,0,0,0,1,0,0,0,1,0,0,0,0,0,0,0],[0,0,0,0,0,0,0,0,0,0,0,0,1,0,0,0,0,1,0,0],[0,0,0,0,0,0,0,0,0,0,0,0,1,0,0,0,0,1,0,0],[0,0,0,0,0,0,0,0,0,0,0,0,0,0,0,0,0,1,0,0],[0,0,0,0,0,0,1,1,0,0,0,0,0,0,0,0,0,1,0,0],[0,0,0,0,0,0,1,0,0,0,0,0,0,0,1,0,0,1,0,0],[0,0,0,0,0,0,1,0,0,0,0,0,0,0,1,0,0,1,0,0],[0,0,0,0,0,0,1,0,0,0,0,0,0,0,1,0,0,1,0,0],[0,0,0,0,0,0,1,0,0,0,0,0,0,0,1,0,0,1,0,0],[0,0,0,0,0,0,1,0,0,0,0,0,0,0,0,0,0,1,0,0],[0,0,0,0,0,0,1,1,2,0,0,0,0,0,0,0,0,1,0,0],[0,0,0,0,0,0,0,0,0,0,0,0,1,0,0,0,0,1,0,0],[0,0,0,0,0,0,0,0,0,0,0,0,1,0,0,0,0,1,0,0],[0,0,0,0,0,0,0,0,0,0,0,0,1,0,0,0,0,0,0,0],[0,0,0,0,0,0,0,0,1,0,0,0,1,0,0,0,0,0,0,0],[0,0,0,0,0,0,0,0,1,0,0,0,1,0,0,0,0,0,0,0],[0,0,0,0,0,0,0,0,0,0,0,0,1,0,0,0,0,0,0,0]]', '{"x":100,"y":100}', 1100, 1248, 1536, 3376),
(2, 1463221362, '[[1,0,0,0,0,0,0,0,0,0,0,0,1,0,0,0,0,0,0,0],[0,0,0,0,0,0,0,0,0,0,0,0,1,0,0,0,0,0,0,0],[0,0,0,0,0,0,0,0,1,0,0,0,1,0,0,0,0,0,0,0],[0,0,0,0,0,0,0,0,1,0,0,0,1,0,0,0,0,0,0,0],[0,0,0,0,0,0,0,0,0,0,0,0,1,0,0,0,0,1,0,0],[0,0,0,0,0,0,0,0,0,0,0,0,1,0,0,0,0,1,0,0],[0,0,0,0,0,0,0,0,0,0,0,0,0,0,0,0,0,1,0,0],[0,0,0,0,0,0,1,1,0,0,0,0,0,0,0,0,0,1,0,0],[0,0,0,0,0,0,1,0,0,0,0,0,0,0,1,0,0,1,0,0],[0,0,0,0,0,0,1,0,0,0,0,0,0,0,1,0,0,1,0,0],[0,0,0,0,0,0,1,0,0,0,0,0,0,0,1,0,0,1,0,0],[0,0,0,0,0,0,1,0,0,0,0,0,0,0,1,0,0,1,0,0],[0,0,0,0,0,0,1,0,0,0,0,0,0,0,0,0,0,1,0,0],[0,0,0,0,0,0,1,1,2,0,0,0,0,0,0,0,0,1,0,0],[0,0,0,0,0,0,0,0,0,0,0,0,1,0,0,0,0,1,0,0],[0,0,0,0,0,0,0,0,0,0,0,0,1,0,0,0,0,1,0,0],[0,0,0,0,0,0,0,0,0,0,0,0,1,0,0,0,0,0,0,0],[0,0,0,0,0,0,0,0,1,0,0,0,1,0,0,0,0,0,0,0],[0,0,0,0,0,0,0,0,1,0,0,0,1,0,0,0,0,0,0,0],[0,0,0,0,0,0,0,0,0,0,0,0,1,0,0,0,0,0,0,0]]', '{"x":100,"y":100}', 1856, 1856, 1856, 1856),
(3, NULL, '[[0,0,0,0,0,0,0,0,0,0,0,0,0,0,0,0,1,0,0,0,0,0,0,0,0,0,0,0,0,0,0,0,0,0,0,0,0,0,0,0,0],[0,0,0,0,0,0,0,0,0,0,0,0,0,0,0,0,1,0,0,0,0,0,0,0,0,0,0,0,0,0,0,0,0,0,0,0,0,0,0,0,0],[0,0,0,0,0,0,0,0,0,0,0,0,0,0,0,0,1,0,0,0,0,0,0,0,0,0,0,0,0,0,0,0,0,0,0,0,0,0,0,0,0],[0,0,0,0,0,0,0,0,0,0,0,0,0,0,0,0,0,0,0,0,0,0,0,0,0,0,0,0,0,0,0,0,0,0,0,0,0,0,0,0,0],[0,0,0,0,0,0,0,0,0,0,0,0,0,0,0,0,0,0,0,0,0,0,0,0,0,0,0,0,0,0,0,0,0,0,0,0,0,0,0,0,0],[0,0,0,0,0,0,0,0,0,0,0,0,0,0,0,0,0,0,0,0,0,0,0,0,0,0,0,0,0,0,0,0,0,0,0,0,0,0,0,0,0],[0,0,0,0,0,0,0,0,0,0,0,0,1,1,1,1,0,0,0,0,0,0,0,0,0,0,0,0,0,0,0,0,0,0,0,0,0,0,0,0,0],[0,0,0,0,0,0,1,1,1,1,0,0,0,0,0,0,0,0,0,0,0,0,0,0,0,0,0,0,0,0,0,0,0,0,0,0,0,0,0,0,0],[0,0,0,0,0,0,1,1,1,1,0,0,0,0,0,0,0,0,0,0,0,0,0,0,0,0,0,0,0,0,0,0,0,0,0,0,0,0,0,0,0],[0,0,0,0,0,0,0,0,0,0,0,0,0,0,0,0,0,0,0,0,0,0,0,0,0,0,0,0,0,0,0,0,0,0,0,0,0,0,0,0,0],[0,0,0,0,0,0,0,0,0,0,0,0,0,0,0,0,0,0,0,0,0,0,0,0,0,0,0,0,0,0,0,0,0,0,0,0,0,0,0,0,0],[0,0,0,1,1,1,1,0,0,0,0,0,0,0,0,0,0,0,0,0,0,0,0,0,0,0,0,0,0,0,0,0,0,0,0,0,0,0,0,0,0],[0,0,0,1,1,1,1,0,0,0,0,0,0,0,0,0,0,0,0,0,0,0,0,0,0,0,0,0,0,0,0,0,0,0,0,0,0,0,0,0,0],[0,0,0,0,0,0,0,0,0,0,0,0,0,0,0,0,0,0,0,0,0,0,0,0,0,0,0,0,0,0,0,0,0,0,0,0,0,0,0,0,0],[0,0,0,0,0,0,0,0,0,0,0,0,0,0,0,0,0,0,0,0,0,0,0,0,0,0,0,0,0,0,0,0,0,0,0,0,0,0,0,0,0],[0,0,0,0,0,0,0,0,0,0,0,0,0,0,0,0,0,0,0,0,0,0,0,0,0,0,0,0,0,0,0,0,0,0,0,0,0,0,0,0,0],[1,1,0,0,0,0,0,0,0,0,0,0,0,0,0,0,0,0,0,0,0,0,0,0,0,0,0,0,0,0,0,0,0,0,0,0,0,0,0,0,0],[1,1,0,0,0,0,0,0,0,0,0,0,0,0,0,0,0,0,0,0,0,0,0,0,0,0,0,0,0,0,0,0,0,0,0,0,0,0,0,0,0],[0,0,0,0,0,0,0,0,0,0,0,0,0,0,0,0,0,0,0,0,0,0,0,0,0,0,0,0,0,0,0,0,0,0,0,0,0,0,0,0,0],[0,0,1,0,0,0,0,0,0,0,0,0,0,0,0,0,0,0,0,0,0,0,0,0,0,0,0,0,0,0,0,0,0,0,0,0,0,0,0,0,0],[0,0,1,0,0,0,0,0,0,0,0,0,0,0,0,0,0,0,0,0,0,0,0,0,0,0,0,0,0,0,0,0,0,0,0,0,0,0,0,0,0],[0,0,1,0,0,0,0,0,0,0,0,0,0,0,0,0,0,0,0,0,0,0,0,0,0,0,0,0,0,0,0,0,0,0,0,0,0,0,0,0,0],[0,0,1,0,0,0,0,0,0,0,0,0,0,0,0,0,0,0,0,0,0,0,0,0,0,0,0,0,0,0,0,0,0,0,0,0,0,0,0,0,0],[0,0,1,0,0,0,0,0,0,0,0,0,0,0,0,0,0,0,0,0,0,0,0,0,0,0,0,0,0,0,0,0,0,0,0,0,0,0,0,0,0],[0,0,1,0,0,1,1,1,0,0,0,0,0,0,0,0,0,0,0,0,0,0,0,0,0,0,0,0,0,0,0,0,0,0,0,0,0,0,0,0,0],[0,0,0,0,0,1,1,1,0,0,0,0,0,0,0,0,0,0,0,0,0,0,0,0,0,0,0,0,0,0,0,0,0,0,0,0,0,0,0,0,0],[0,0,0,0,0,1,1,1,0,0,0,0,0,0,0,0,0,0,0,0,0,0,0,0,0,0,0,0,0,0,0,0,0,0,0,0,0,0,0,0,0],[0,0,0,0,0,1,1,1,0,0,0,0,0,0,0,0,0,0,0,0,0,0,0,0,0,0,0,0,0,0,0,0,0,0,0,0,0,0,0,0,0],[0,0,0,0,0,1,1,1,0,0,0,0,0,0,0,0,0,0,0,0,0,0,0,0,0,0,0,0,0,0,0,0,0,0,0,0,0,0,0,0,0],[0,0,0,0,0,1,1,1,0,0,0,0,0,0,0,0,0,0,0,0,0,0,0,0,0,0,0,0,0,0,0,0,0,0,0,0,0,0,0,0,0],[0,0,0,0,0,0,0,0,0,0,0,0,0,0,0,0,0,0,0,0,0,0,0,0,0,0,0,0,0,0,0,0,0,0,0,0,0,0,0,0,0],[0,0,0,0,0,0,0,0,0,0,0,0,0,0,0,0,0,0,0,0,0,0,0,0,0,0,0,0,0,0,0,0,0,0,0,0,0,0,0,0,0],[0,0,0,0,0,0,0,0,0,0,0,0,0,0,0,0,0,0,0,0,0,0,0,0,0,0,0,0,0,0,0,0,0,0,0,0,0,0,0,0,0],[0,0,0,0,0,0,0,0,0,0,0,0,0,0,0,0,0,0,0,0,0,0,0,0,0,0,0,0,0,0,0,0,0,0,0,0,0,0,0,0,0],[0,0,0,0,0,0,0,0,0,0,0,0,0,0,0,0,0,0,0,0,0,0,0,0,0,0,0,0,0,0,0,0,0,0,0,0,0,0,0,0,0],[0,0,0,0,0,0,0,1,1,0,0,0,0,0,0,0,0,0,0,0,0,0,0,0,0,0,0,0,0,0,0,0,0,0,0,0,0,0,0,0,0],[0,0,0,0,0,0,0,1,1,0,0,0,0,0,0,0,0,0,0,0,0,0,0,0,0,0,0,0,0,0,0,0,0,0,0,0,0,0,0,0,0],[0,0,0,0,0,0,0,1,1,0,0,0,0,0,0,0,0,0,0,0,0,0,0,0,0,0,0,0,0,0,0,0,0,0,0,0,0,0,0,0,0],[0,0,0,0,0,0,0,1,1,0,0,0,0,0,0,0,0,0,0,0,0,0,0,0,0,0,0,0,0,0,0,0,0,0,0,0,0,0,0,0,0],[0,0,0,0,0,0,0,1,1,0,0,0,0,0,0,0,0,0,0,0,0,0,0,0,0,0,0,0,0,0,0,0,0,0,0,0,0,0,0,0,0],[0,0,0,0,0,0,0,1,1,0,0,0,0,0,0,0,0,0,0,0,0,0,0,0,0,0,0,0,0,0,0,0,0,0,0,0,0,0,0,0,0],[0,0,0,0,0,0,0,0,0,0,0,0,0,0,0,0,0,0,0,0,0,0,0,0,0,0,0,0,0,0,0,0,0,0,0,0,0,0,0,0,0],[0,0,0,0,0,0,0,0,0,0,0,0,0,0,0,0,0,0,0,0,0,0,0,0,0,0,0,0,0,0,0,0,0,0,0,0,0,0,0,0,0],[0,0,0,0,0,0,0,0,0,0,0,0,0,0,0,0,0,1,1,0,0,0,0,0,0,0,0,0,0,0,0,0,0,0,0,0,0,0,0,0,0],[0,0,0,0,0,0,0,0,0,0,0,0,0,0,0,0,0,1,1,0,0,0,0,0,0,0,0,0,0,0,0,0,0,0,0,0,0,0,0,0,0],[0,0,0,0,0,0,0,0,0,0,0,0,0,0,0,0,0,1,1,0,0,0,0,0,0,0,0,0,0,0,0,0,0,0,0,0,0,0,0,0,0],[0,0,0,0,0,0,0,0,0,0,0,0,0,0,0,1,1,1,1,0,0,0,0,0,0,0,0,0,0,0,0,0,0,0,0,0,0,0,0,0,0],[0,0,0,0,0,0,0,0,0,0,0,0,0,0,0,1,1,0,0,0,0,0,0,0,0,0,0,0,0,0,0,0,0,0,0,0,0,0,0,0,0],[0,0,0,0,0,0,0,0,0,0,0,0,0,0,1,1,1,0,0,0,0,0,0,0,0,0,0,0,0,0,0,0,0,0,0,0,0,0,0,0,0],[0,0,0,0,0,0,0,0,0,0,0,0,0,0,1,1,1,0,0,0,0,0,0,0,0,0,0,0,0,0,0,0,0,0,0,0,0,0,0,0,0],[0,0,0,0,0,0,0,0,0,0,0,0,0,0,1,0,0,0,0,0,0,0,0,0,0,0,0,0,0,0,0,0,0,0,0,0,0,0,0,0,0],[0,0,0,0,0,0,0,0,0,0,0,0,0,0,1,0,0,0,0,0,0,0,1,1,1,0,0,0,0,0,0,0,0,0,0,0,0,0,0,0,0],[0,0,0,0,0,0,0,0,0,0,0,0,0,0,1,0,0,0,0,0,0,0,0,0,0,0,0,0,0,0,0,0,0,0,0,0,0,0,0,0,0],[0,0,0,0,0,0,0,0,0,0,0,0,0,0,0,0,0,0,0,0,0,0,0,0,0,0,0,0,0,0,0,0,0,0,0,0,0,0,0,0,0],[0,0,0,0,0,0,0,0,0,0,0,0,0,0,0,0,0,0,0,0,0,0,0,0,0,1,1,1,1,1,0,0,0,0,0,0,0,0,0,0,0],[0,0,0,0,0,0,0,0,0,1,1,1,1,1,0,0,0,0,0,1,0,0,0,0,0,0,0,0,0,0,0,0,0,0,0,0,0,0,0,0,0],[0,0,0,0,0,0,0,0,0,1,1,1,1,1,0,0,0,0,0,1,0,0,0,0,0,0,0,0,0,0,0,0,0,0,0,0,0,0,0,0,0],[0,0,0,0,0,0,0,0,0,1,1,1,1,1,0,0,0,0,0,1,0,0,0,0,0,0,0,0,0,1,1,1,0,0,0,0,0,0,0,0,0],[0,0,0,0,0,0,0,0,0,1,1,1,1,1,0,0,0,0,0,1,0,0,0,0,0,0,0,0,0,1,1,1,0,0,0,0,0,0,0,0,0],[0,0,0,0,0,0,0,0,0,1,1,1,1,1,0,0,0,0,0,1,0,0,0,0,0,0,0,0,0,1,1,1,0,0,0,0,0,0,0,0,0],[0,0,0,0,0,0,0,0,0,0,0,0,0,0,0,0,0,0,0,0,0,0,0,0,0,0,0,0,0,0,0,0,0,0,0,0,0,0,0,0,0],[0,0,0,0,0,0,0,1,1,1,1,1,0,0,0,0,0,0,0,0,0,0,0,0,0,0,0,0,0,0,0,0,0,0,0,0,0,0,0,0,0],[0,0,0,0,0,0,0,0,0,0,0,0,0,0,0,0,0,0,0,0,0,0,0,0,1,1,1,1,0,0,0,0,0,0,0,0,0,0,0,0,0],[0,0,0,0,0,0,0,0,0,0,0,0,0,0,0,0,0,0,0,0,0,0,0,0,1,1,1,1,0,0,0,1,1,1,0,0,0,0,0,0,0],[0,0,0,0,0,0,0,0,0,0,0,0,0,0,0,0,0,0,0,0,0,0,0,0,1,1,1,1,0,0,0,1,1,1,0,0,0,0,0,0,0],[0,0,0,0,0,0,0,0,0,0,0,0,0,0,0,0,0,0,0,0,0,0,0,0,0,0,0,0,0,0,0,1,1,1,0,0,0,0,0,0,0],[0,0,0,0,0,0,0,0,0,0,0,0,0,0,0,0,0,0,0,0,0,0,0,0,0,0,0,0,0,0,0,1,1,1,0,0,0,0,0,0,0],[0,0,0,0,0,0,0,0,0,0,0,0,0,0,0,0,0,0,0,0,0,0,0,0,0,0,0,0,0,0,0,1,1,1,0,0,0,0,0,0,0],[0,0,0,0,0,0,0,0,0,0,0,0,0,0,0,0,0,0,0,0,0,0,0,0,0,0,0,0,0,0,0,0,1,1,0,0,0,0,0,0,0],[0,0,0,0,0,0,0,1,1,1,0,0,0,0,0,0,0,0,0,0,0,0,0,0,0,0,0,0,0,0,0,0,1,1,0,0,0,0,0,0,0],[0,0,0,0,0,0,0,1,1,1,0,0,0,0,0,0,0,0,0,0,0,0,0,0,0,0,0,0,0,0,0,0,1,1,1,1,1,1,1,0,0],[0,0,0,0,0,0,0,1,1,1,0,0,0,0,0,0,0,0,0,0,0,0,0,0,0,0,0,0,0,0,0,0,1,1,1,1,1,1,1,0,0],[0,0,0,0,0,0,0,1,1,1,0,0,0,0,0,0,0,0,0,0,0,0,0,0,0,0,0,0,0,0,0,0,0,0,1,1,1,1,1,0,0],[0,0,0,0,0,0,0,1,1,1,0,0,0,0,0,0,0,0,0,0,0,0,0,0,0,0,0,0,0,0,0,0,0,0,1,1,1,1,1,0,0],[0,0,0,0,0,0,0,1,1,1,0,0,0,0,0,0,0,0,0,0,0,0,0,0,0,0,0,0,0,0,0,0,0,0,1,1,1,1,1,0,0],[0,0,0,0,0,0,0,0,0,0,0,0,0,0,0,0,0,0,0,0,0,0,0,0,0,0,0,0,0,0,0,0,0,0,0,0,0,0,0,0,0],[0,0,0,0,0,0,0,0,0,0,0,0,0,0,0,0,0,0,0,0,0,0,0,0,0,0,0,0,0,0,0,0,0,0,0,0,0,0,1,1,1],[0,0,0,0,0,0,0,0,0,0,0,0,0,0,0,0,0,0,0,0,0,0,0,0,0,0,0,0,0,0,0,0,0,0,0,0,0,0,1,1,1],[0,0,0,0,0,0,0,0,0,0,0,0,0,0,0,0,0,0,0,0,0,0,0,0,0,0,0,0,0,0,0,0,0,0,0,0,0,0,1,1,1],[0,0,0,0,0,0,0,0,0,0,0,0,0,0,0,0,0,0,0,0,0,0,0,0,0,0,0,0,0,0,0,0,0,0,0,0,0,0,1,1,1],[0,0,0,0,0,0,0,0,0,0,0,0,0,0,0,0,0,0,0,0,0,0,0,0,0,0,0,0,0,0,0,0,0,0,0,0,0,0,1,1,1],[0,0,0,0,0,0,0,0,0,0,0,0,0,0,0,0,0,0,0,0,0,0,0,0,0,0,0,0,0,0,0,0,0,0,0,0,0,0,0,0,0],[0,0,0,0,0,0,0,0,0,0,0,0,0,0,0,0,0,0,0,0,0,0,0,0,0,0,0,0,0,0,0,0,0,0,0,0,0,0,0,0,0],[0,0,0,0,0,0,0,1,1,0,0,0,0,0,0,0,0,0,0,0,0,0,0,0,0,0,0,0,0,0,0,0,0,0,0,0,0,0,0,0,0],[0,0,0,0,0,0,0,1,1,0,0,0,0,0,0,0,0,0,0,0,0,0,0,0,0,0,0,0,0,0,0,0,0,0,0,0,0,0,0,0,0],[0,0,0,0,0,0,0,1,1,0,0,0,0,0,0,0,0,0,0,0,0,0,0,0,0,0,0,0,0,0,0,0,0,0,0,0,0,0,0,0,0],[0,0,0,0,0,0,0,1,1,0,0,0,0,0,0,0,0,0,0,0,0,0,0,0,0,0,0,0,0,0,0,0,0,0,0,0,0,0,0,0,0],[0,0,0,0,0,0,0,1,1,0,0,0,0,0,0,0,0,0,0,0,0,0,0,0,0,0,0,0,0,0,0,0,0,0,0,0,0,0,0,0,0],[0,0,0,0,0,0,0,1,1,0,0,0,0,0,0,0,0,0,0,0,0,0,0,0,0,0,0,0,0,0,0,0,0,0,0,0,0,0,0,0,0],[0,0,0,0,0,0,0,0,0,0,0,0,0,0,0,0,0,0,0,0,0,0,0,0,0,0,0,0,0,0,0,0,0,0,0,0,0,0,0,0,0],[0,0,0,0,0,0,0,0,0,0,0,0,0,0,0,0,0,0,0,0,0,0,0,0,0,0,0,0,0,0,0,0,0,0,0,0,0,0,0,0,0],[0,0,0,0,0,0,0,0,0,0,0,0,0,0,0,0,0,0,0,0,0,0,0,0,0,0,0,0,0,0,0,0,0,0,0,0,0,0,0,0,0],[0,0,0,0,0,0,0,1,1,1,0,0,0,0,0,0,0,0,0,0,0,0,0,0,0,0,0,0,0,0,0,0,0,0,0,0,0,0,0,0,0],[0,0,0,0,0,0,0,1,1,1,0,0,0,0,0,0,0,0,0,0,0,0,0,0,0,0,0,0,0,0,0,0,0,0,0,0,0,0,0,0,0],[0,0,0,0,0,0,0,1,1,1,0,0,0,0,0,0,0,0,0,0,0,0,0,0,0,0,0,0,0,0,0,0,0,0,0,0,0,0,0,0,0],[0,0,0,0,0,0,0,1,1,1,0,0,0,0,0,0,0,0,0,0,0,0,0,0,0,0,0,0,0,0,0,0,0,0,0,0,0,0,0,0,0],[0,0,0,0,0,0,0,0,0,0,0,0,0,0,0,0,0,0,0,0,0,0,0,0,0,0,0,0,0,0,0,0,0,0,0,0,0,0,0,0,0],[0,0,0,0,0,0,0,0,0,0,0,0,0,0,0,0,0,0,0,0,0,0,0,0,0,0,0,0,0,0,0,0,0,0,0,0,0,0,0,0,0],[0,0,0,0,0,0,0,0,0,0,0,0,0,0,0,0,0,0,0,0,0,0,0,0,0,0,0,0,0,0,0,0,0,0,0,0,0,0,0,0,0],[0,0,0,0,0,0,0,0,0,0,0,0,0,0,0,0,0,0,0,0,0,0,0,0,0,0,0,0,0,0,0,0,0,0,0,0,0,0,0,0,0],[0,0,0,0,0,0,0,0,0,0,0,0,0,0,0,0,0,0,0,0,0,0,0,0,0,0,0,0,0,0,0,0,0,0,0,0,0,0,0,0,0],[0,0,0,0,0,0,0,1,0,0,0,0,0,0,0,0,0,0,0,0,0,0,0,0,0,0,0,0,0,0,0,0,0,0,0,0,0,0,0,0,0],[0,0,0,0,0,0,0,1,0,0,0,0,0,0,0,0,0,0,0,0,0,0,0,0,0,0,0,0,0,0,0,0,0,0,0,0,0,0,0,0,0],[0,0,0,0,0,0,0,1,0,0,0,0,0,0,0,0,0,0,0,0,0,0,0,0,0,0,0,0,0,0,0,0,0,0,0,0,0,0,0,0,0],[0,0,0,0,0,0,0,1,0,0,0,0,0,0,0,0,0,0,0,0,0,0,0,0,0,0,0,0,0,0,0,0,0,0,0,0,0,0,0,0,0],[0,0,0,0,0,0,0,1,0,0,0,0,0,0,0,0,0,0,0,0,0,0,0,0,0,0,0,0,0,0,0,0,0,0,0,0,0,0,0,0,0],[0,0,0,0,0,0,0,0,0,0,0,0,0,0,0,0,0,0,0,0,0,0,0,0,0,0,0,0,0,0,0,0,0,0,0,0,0,0,0,0,0],[0,0,0,0,0,0,0,0,0,0,0,0,0,0,0,0,0,0,0,0,0,0,0,0,0,0,0,0,0,0,0,0,0,0,0,0,0,0,0,0,0],[0,0,0,0,0,0,0,0,0,0,0,0,0,0,0,0,0,0,0,0,0,0,0,0,0,0,0,0,0,0,0,0,0,0,0,0,0,0,0,0,0],[0,0,0,0,0,0,0,1,1,0,0,0,0,0,0,0,0,0,0,0,0,0,0,0,0,0,0,0,0,0,0,0,0,0,0,0,0,0,0,0,0],[0,0,0,0,0,0,0,1,1,0,0,0,0,0,0,0,0,0,0,0,0,0,0,0,0,0,0,0,0,0,0,0,0,0,0,0,0,0,0,0,0],[0,0,0,0,0,0,0,1,1,0,0,0,0,0,0,0,0,0,0,0,0,0,0,0,0,0,0,0,0,0,0,0,0,0,0,0,0,0,0,0,0],[0,0,0,0,0,0,0,0,0,0,0,0,0,0,0,0,0,0,0,0,0,0,0,0,0,0,0,0,0,0,0,0,0,0,0,0,0,0,0,0,0],[0,0,0,0,0,0,0,0,0,0,0,0,0,0,0,0,0,0,0,0,0,0,0,0,0,0,0,0,0,0,0,0,0,0,0,0,0,0,0,0,0],[0,0,0,0,0,0,0,0,0,0,0,0,0,0,0,0,0,0,0,0,0,0,0,0,0,0,0,0,0,0,0,0,0,0,0,0,0,0,0,0,0],[0,0,0,0,0,0,0,0,0,0,0,0,0,0,0,0,0,0,0,0,0,0,0,0,0,0,0,0,0,0,0,0,0,0,0,0,0,0,0,0,0],[0,0,0,0,0,0,0,0,0,0,0,0,0,0,0,0,0,0,0,0,0,0,0,0,0,0,0,0,0,0,0,0,0,0,0,0,0,0,0,0,0],[0,0,0,0,0,0,0,1,1,1,0,0,0,0,0,0,0,0,0,0,0,0,0,0,0,0,0,0,0,0,0,0,0,0,0,0,0,0,0,0,0],[0,0,0,0,0,0,0,1,1,1,0,0,0,0,0,0,0,0,0,0,0,0,0,0,0,0,0,0,0,0,0,0,0,0,0,0,0,0,0,0,0],[0,0,0,0,0,0,0,0,0,0,0,0,0,0,0,0,0,0,0,0,0,0,0,0,0,0,0,0,0,0,0,0,0,0,0,0,0,0,0,0,0],[0,0,0,0,0,0,0,0,0,0,0,0,0,0,0,0,0,0,0,0,0,0,0,0,0,0,0,0,0,0,0,0,0,0,0,0,0,0,0,0,0],[0,0,0,0,0,0,0,0,0,0,0,0,0,0,0,0,0,0,0,0,0,0,0,0,0,0,0,0,0,0,0,0,0,0,0,0,0,0,0,0,0],[0,0,0,0,0,0,0,0,0,0,0,0,0,0,0,0,0,0,0,0,0,0,0,0,0,0,0,0,0,0,0,0,0,0,0,0,0,0,0,0,0],[0,0,0,0,0,0,0,1,1,1,0,0,0,0,0,0,0,0,0,0,0,0,0,0,0,0,0,0,0,0,0,0,0,0,0,0,0,0,0,0,0],[0,0,0,0,0,0,0,1,1,1,0,0,0,0,0,0,0,0,0,0,0,0,0,0,0,0,0,0,0,0,0,0,0,0,0,0,0,0,0,0,0],[0,0,0,0,0,0,0,1,1,1,0,0,0,0,0,0,0,0,0,0,0,0,0,0,0,0,0,0,0,0,0,0,0,0,0,0,0,0,0,0,0],[0,0,0,0,0,0,0,0,0,0,0,0,0,0,0,0,0,0,0,0,0,0,0,0,0,0,0,0,0,0,0,0,0,0,0,0,0,0,0,0,0],[0,0,0,0,0,0,0,0,0,0,0,0,0,0,0,0,0,0,0,0,0,0,0,0,0,0,0,0,0,0,0,0,0,0,0,0,0,0,0,0,0],[0,0,0,0,0,0,0,0,0,0,0,0,0,0,0,0,0,0,0,0,0,0,0,0,0,0,0,0,0,0,0,0,0,0,0,0,0,0,0,0,0],[0,0,0,0,0,0,0,0,0,0,0,0,0,0,0,0,0,0,0,0,0,0,0,0,0,0,0,0,0,0,0,0,0,0,0,0,0,0,0,0,0],[0,0,0,0,0,0,0,1,0,0,0,0,0,0,0,0,0,0,0,0,0,0,0,0,0,0,0,0,0,0,0,0,0,0,0,0,0,0,0,0,0],[0,0,0,0,0,0,0,1,0,0,0,0,0,0,0,0,0,0,0,0,0,0,0,0,0,0,0,0,0,0,0,0,0,0,0,0,0,0,0,0,0],[0,0,0,0,0,0,0,1,0,0,0,0,0,0,0,0,0,0,0,0,0,0,0,0,0,0,0,0,0,0,0,0,0,0,0,0,0,0,0,0,0],[0,0,0,0,0,0,0,1,0,0,0,0,0,0,0,0,0,0,0,0,0,0,0,0,0,0,0,0,0,0,0,0,0,0,0,0,0,0,0,0,0],[0,0,0,0,0,0,0,1,0,0,0,0,0,0,0,0,0,0,0,0,0,0,0,0,0,0,0,0,0,0,0,0,0,0,0,0,0,0,0,0,0],[0,0,0,0,0,0,0,0,0,0,0,0,0,0,0,0,0,0,0,0,0,0,0,0,0,0,0,0,0,0,0,0,0,0,0,0,0,0,0,0,0],[0,0,0,0,0,0,0,0,0,0,0,0,0,0,0,0,0,0,0,0,0,0,0,0,0,0,0,0,0,0,0,0,0,0,0,0,0,0,0,0,0],[0,0,0,0,0,0,0,0,0,0,0,0,0,0,0,0,0,0,0,0,0,0,0,0,0,0,0,0,0,0,0,0,0,0,0,0,0,0,0,0,0],[0,0,0,0,0,0,0,1,0,0,0,0,0,0,0,0,0,0,0,0,0,0,0,0,0,0,0,0,0,0,0,0,0,0,0,0,0,0,0,0,0],[0,0,0,0,0,0,0,1,0,0,0,0,0,0,0,0,0,0,0,0,0,0,0,0,0,0,0,0,0,0,0,0,0,0,0,0,0,0,0,0,0],[0,0,0,0,0,0,0,1,0,0,0,0,0,0,0,0,0,0,0,0,0,0,0,0,0,0,0,0,0,0,0,0,0,0,0,0,0,0,0,0,0],[0,0,0,0,0,0,0,1,0,0,0,0,0,0,0,0,0,0,0,0,0,0,0,0,0,0,0,0,0,0,0,0,0,0,0,0,0,0,0,0,0],[0,0,0,0,0,0,0,1,0,0,0,0,0,0,0,0,0,0,0,0,0,0,0,0,0,0,0,0,0,0,0,0,0,0,0,0,0,0,0,0,0],[0,0,0,0,0,0,0,0,0,0,0,0,0,0,0,0,0,0,0,0,0,0,0,0,0,0,0,0,0,0,0,0,0,0,0,0,0,0,0,0,0],[0,0,0,0,0,0,0,0,0,0,0,0,0,0,0,0,0,0,0,0,0,0,0,0,0,0,0,0,0,0,0,0,0,0,0,0,0,0,0,0,0],[0,0,0,0,0,0,0,0,0,0,0,0,0,0,0,0,0,0,0,0,0,0,0,0,0,0,0,0,0,0,0,0,0,0,0,0,0,0,0,0,0],[0,0,0,0,0,0,0,0,0,0,0,0,0,0,0,0,0,0,0,0,0,0,0,0,0,0,0,0,0,0,0,0,0,0,0,0,0,0,0,0,0],[0,0,0,0,0,0,0,0,0,0,0,0,0,0,0,0,0,0,0,0,0,0,0,0,0,0,0,0,0,0,0,0,0,0,0,0,0,0,0,0,0],[0,0,0,0,0,0,0,0,0,0,0,0,0,0,0,0,0,0,0,0,0,0,0,0,0,0,0,0,0,0,0,0,0,0,0,0,0,0,0,0,0],[0,0,0,0,0,0,0,1,1,0,0,0,0,0,0,0,0,0,0,0,0,0,0,0,0,0,0,0,0,0,0,0,0,0,0,0,0,0,0,0,0],[0,0,0,0,0,0,0,1,1,0,1,0,0,0,0,0,0,0,0,0,0,0,0,0,0,0,0,0,0,0,0,0,0,0,0,0,0,0,0,0,0],[0,0,0,0,0,0,0,1,1,0,1,0,0,0,0,0,0,0,0,0,0,0,0,0,0,0,0,0,0,0,0,0,0,0,0,0,0,0,0,0,0],[0,0,0,0,0,0,0,0,0,0,1,0,0,0,0,0,0,0,0,0,0,0,0,0,0,0,0,0,0,0,0,0,0,0,0,0,0,0,0,0,0],[0,0,0,0,0,0,0,0,0,0,0,0,0,0,0,0,0,0,0,0,0,0,0,0,0,0,0,0,0,0,0,0,0,0,0,0,0,0,0,0,0],[0,0,0,0,0,0,0,0,0,0,0,0,0,0,0,0,0,0,0,0,0,0,0,0,0,0,0,0,0,0,0,0,0,0,0,0,0,0,0,0,0],[0,0,0,0,0,0,0,0,0,0,0,0,0,0,0,0,0,1,1,0,0,0,0,0,0,0,0,0,0,0,0,0,0,0,0,0,0,0,0,0,0],[0,0,0,0,0,0,0,0,0,0,0,0,0,0,0,0,0,1,1,0,0,0,0,0,0,0,0,0,0,0,0,0,0,0,0,0,0,0,0,0,0],[0,0,0,0,0,0,0,0,0,0,0,0,0,0,0,0,0,1,1,0,0,0,0,0,0,0,0,0,0,0,0,0,0,0,0,0,0,0,0,0,0],[0,0,0,0,0,0,0,0,0,0,0,0,0,0,0,0,0,1,1,0,0,0,0,0,0,0,0,0,0,0,0,0,0,0,0,0,0,0,0,0,0],[0,0,0,0,0,0,0,0,0,0,0,0,0,0,0,0,0,1,1,0,0,0,0,0,0,0,0,0,0,0,0,0,0,0,0,0,0,0,0,0,0],[0,0,0,0,0,0,0,0,0,0,0,0,0,0,0,0,0,0,0,0,0,0,0,0,0,0,0,0,0,0,0,0,0,0,0,0,0,0,0,0,0],[0,0,0,0,0,0,0,0,0,0,0,0,0,0,0,0,0,0,0,0,0,1,1,1,1,0,0,0,0,0,0,0,0,0,0,0,0,0,0,0,0],[0,0,0,0,0,0,0,0,0,0,0,0,0,0,0,0,0,0,0,0,0,1,1,1,1,0,0,0,0,0,0,0,0,0,0,0,0,0,0,0,0],[0,0,0,0,0,0,0,0,0,0,0,0,0,0,0,0,0,0,0,0,0,1,1,1,1,0,0,0,0,0,0,0,0,0,0,0,0,0,0,0,0],[0,0,0,0,0,0,0,0,0,0,0,0,0,0,0,0,0,0,0,0,0,1,1,1,1,0,0,0,0,0,0,0,0,0,0,0,0,0,0,0,0],[0,0,0,0,0,0,0,0,0,0,0,0,0,0,0,0,0,0,0,0,0,1,1,1,1,0,0,0,0,0,0,0,0,0,0,0,0,0,0,0,0],[0,0,0,0,0,0,0,0,0,0,0,0,0,0,0,0,0,0,0,0,0,0,0,0,0,0,0,0,0,0,0,0,0,0,0,0,0,0,0,0,0],[0,0,0,0,0,0,0,0,0,0,0,0,0,0,0,0,0,0,0,0,0,0,0,0,0,0,0,0,0,0,0,0,0,0,0,0,0,0,0,0,0],[0,0,0,0,0,0,0,0,0,0,0,0,0,0,0,0,0,0,0,0,0,0,0,0,0,0,0,0,0,0,0,0,0,0,0,0,0,0,0,0,0],[0,0,0,0,0,0,0,0,0,0,0,0,0,0,0,0,0,0,0,0,0,0,0,0,0,0,0,0,0,0,0,0,0,0,0,0,0,0,0,0,0],[0,0,0,0,0,0,0,0,0,0,0,0,0,0,0,0,0,0,0,0,0,0,0,0,0,0,0,0,0,0,0,0,0,0,0,0,0,0,0,0,0],[0,0,0,0,0,0,0,0,0,0,0,0,0,0,0,0,0,0,0,0,0,0,0,0,0,0,0,0,1,1,1,0,0,0,0,0,0,0,0,0,0],[0,0,0,0,0,0,0,0,0,0,0,0,0,0,0,0,0,0,0,0,0,0,0,0,0,0,0,0,1,1,1,0,0,0,0,0,0,0,0,0,0],[0,0,0,0,0,0,0,0,0,0,0,0,0,0,0,0,0,0,0,0,0,0,0,0,0,0,0,0,1,1,1,0,0,0,0,0,0,0,0,0,0],[0,0,0,0,0,0,0,0,0,0,0,0,0,0,0,0,0,0,0,0,0,0,0,0,0,0,0,0,1,1,1,0,0,0,0,0,0,0,0,0,0],[0,0,0,0,0,0,0,0,0,0,0,0,0,0,0,0,0,0,0,0,0,0,0,0,0,0,0,0,0,0,0,0,0,0,0,0,0,0,0,0,0],[0,0,0,0,0,0,0,0,0,0,0,0,0,0,0,0,0,0,0,0,0,0,0,0,0,0,0,0,0,0,0,0,0,0,0,0,0,0,0,0,0],[0,0,0,0,0,0,0,0,0,0,0,0,0,0,0,0,0,0,0,0,0,0,0,0,0,0,0,0,0,0,0,0,0,0,0,0,0,0,0,0,0],[0,0,0,0,0,0,0,0,0,0,0,0,0,0,0,0,0,0,0,0,0,0,0,0,0,0,0,0,0,0,0,0,0,0,0,0,0,0,0,0,0],[0,0,0,0,0,0,0,0,0,0,0,0,0,0,0,0,0,0,0,0,0,0,0,0,0,0,0,0,0,0,0,0,0,0,0,0,0,0,0,0,0],[0,0,0,0,0,0,0,0,0,0,0,0,0,0,0,0,0,0,0,0,0,0,0,0,0,0,0,0,0,0,0,1,1,1,1,0,0,0,0,0,0],[0,0,0,0,0,0,0,0,0,0,0,0,0,0,0,0,0,0,0,0,0,0,0,0,0,0,0,0,0,0,0,1,1,1,1,0,0,0,0,0,0],[0,0,0,0,0,0,0,0,0,0,0,0,0,0,0,0,0,0,0,0,0,0,0,0,0,0,0,0,0,0,0,1,1,1,1,0,0,0,0,0,0],[0,0,0,0,0,0,0,0,0,0,0,0,0,0,0,0,0,0,0,0,0,0,0,0,0,0,0,0,0,0,0,1,1,1,1,0,0,0,0,0,0],[0,0,0,0,0,0,0,0,0,0,0,0,0,0,0,0,0,0,0,0,0,0,0,0,0,0,0,0,0,1,1,1,1,1,1,0,0,0,0,0,0],[0,0,0,0,0,0,0,0,0,0,0,0,0,0,0,0,0,0,0,0,0,0,0,0,0,0,0,0,0,1,1,1,1,1,1,0,0,0,0,0,0],[0,0,0,0,0,0,0,0,0,0,0,0,0,0,0,0,0,0,0,0,0,0,0,0,0,0,0,0,0,1,1,1,1,0,0,0,0,0,0,0,0],[0,0,0,0,0,0,0,0,0,0,0,0,0,0,0,0,0,0,0,0,0,0,0,0,0,0,0,0,0,1,1,1,1,0,0,0,0,0,0,0,0],[0,0,0,0,0,0,0,0,0,0,0,0,0,0,0,0,0,0,0,0,0,0,0,0,0,0,0,0,0,0,0,0,0,0,0,0,0,0,0,0,0],[0,0,0,0,0,0,0,0,0,0,0,0,0,0,0,0,0,0,0,0,0,0,0,0,0,0,0,0,0,0,0,0,0,0,1,1,0,0,0,0,0],[0,0,0,0,0,0,0,0,0,0,0,0,0,0,0,0,0,0,0,0,0,0,0,0,0,0,1,1,1,0,0,0,0,0,1,1,0,0,0,0,0],[0,0,0,0,0,0,0,0,0,0,0,0,0,0,0,0,0,0,0,0,0,0,0,0,0,0,1,1,1,0,0,0,0,0,1,1,0,0,0,0,0],[0,0,0,0,0,0,0,0,0,0,0,0,0,0,0,0,0,0,0,0,0,0,0,0,0,0,1,1,1,0,0,0,0,0,1,1,0,0,0,0,0],[0,0,0,0,0,0,0,0,0,0,0,0,0,0,0,0,0,0,0,0,0,0,1,0,0,0,0,0,0,0,0,0,0,0,0,0,0,0,0,0,0],[0,0,0,0,0,0,0,0,0,0,0,0,0,0,0,0,0,0,0,0,0,0,1,0,0,0,0,0,0,0,0,0,0,0,0,0,0,0,0,0,0],[0,0,0,0,0,0,0,0,0,0,0,0,0,0,0,0,0,0,0,0,0,0,0,0,0,0,0,0,0,0,0,0,0,0,0,0,0,0,0,0,0],[0,0,0,0,0,0,0,0,0,0,0,0,0,0,0,0,0,0,0,0,0,0,0,0,0,0,0,0,0,0,0,0,0,0,0,0,0,0,0,0,0],[0,0,0,0,0,0,0,0,0,0,0,0,0,0,0,0,0,0,0,0,0,0,0,0,0,0,0,0,0,0,0,0,0,0,0,0,0,0,0,0,0],[0,0,0,0,0,0,0,0,0,0,0,0,0,0,0,0,0,0,0,0,0,0,0,0,0,0,0,0,0,0,0,0,0,0,0,0,0,0,0,0,0],[0,0,0,0,0,0,0,0,0,0,0,0,0,0,0,0,0,1,1,1,0,0,0,0,0,0,0,0,0,0,0,0,0,0,0,0,0,0,0,0,0],[0,0,0,0,0,0,0,0,0,0,0,0,0,0,0,0,0,1,1,1,0,0,0,0,0,0,0,0,0,0,0,0,0,0,0,0,0,0,0,0,0],[0,0,0,0,0,0,0,0,0,0,0,0,0,0,0,0,0,1,1,1,0,0,0,0,0,0,0,0,0,0,0,0,0,0,0,0,0,0,0,0,0],[0,0,0,0,0,0,0,0,0,0,0,0,0,0,0,0,0,1,1,1,0,0,0,0,0,0,0,0,0,0,0,0,0,0,0,0,0,0,0,0,0],[0,0,0,0,0,0,0,0,0,0,0,0,0,0,0,0,0,0,0,0,0,0,0,0,0,0,0,0,0,0,0,0,0,0,0,0,0,0,0,0,0],[0,0,0,0,0,0,0,0,0,0,0,0,0,0,0,0,0,0,0,0,0,0,0,0,0,0,0,0,0,0,0,0,0,0,0,0,0,0,0,0,0],[0,0,0,0,0,0,0,0,0,0,0,0,0,0,0,0,0,0,0,0,0,0,0,0,0,0,0,0,0,0,0,0,0,0,0,0,0,0,0,0,0],[0,0,0,0,0,0,0,0,0,0,0,0,0,0,0,0,0,0,0,0,0,0,0,0,0,0,0,0,0,0,0,0,0,0,0,0,0,0,0,0,0],[0,0,0,0,0,0,0,0,0,0,0,0,0,0,0,0,0,0,0,0,0,0,0,0,0,0,0,0,0,0,0,0,0,0,0,0,0,0,0,0,0],[0,0,0,0,0,0,0,0,0,0,0,0,0,0,0,0,0,0,0,0,0,0,0,0,0,0,0,0,0,0,0,0,0,0,0,0,0,0,0,0,0],[0,0,0,0,0,0,0,0,0,0,0,0,0,0,0,0,0,0,0,0,0,0,0,0,0,0,0,0,0,0,0,0,0,0,0,0,0,0,0,0,0],[0,0,0,0,0,0,0,0,0,0,0,0,0,0,0,0,0,0,0,0,0,0,0,0,0,0,0,0,0,0,0,0,0,0,0,0,0,0,0,0,0],[0,0,0,0,0,0,0,0,0,0,0,0,0,0,0,0,0,2,0,0,0,0,0,0,0,0,0,0,0,0,0,0,0,0,0,0,0,0,0,0,0],[0,0,0,0,0,0,0,0,0,0,0,0,0,0,0,0,0,2,0,0,0,0,0,0,0,0,0,0,0,0,0,0,0,0,0,0,0,0,0,0,0]]', '{"x":30,"y":310}', NULL, NULL, NULL, NULL);

-- --------------------------------------------------------

--
-- Structure de la table `runs`
--

CREATE TABLE IF NOT EXISTS `runs` (
  `id_r` int(11) NOT NULL AUTO_INCREMENT,
  `id_m` int(11) DEFAULT NULL,
  `id_u` int(11) DEFAULT NULL,
  `id_s` int(11) DEFAULT NULL,
  `time` int(11) DEFAULT NULL,
  `positions` text,
  `ranked` tinyint(1) DEFAULT NULL,
  PRIMARY KEY (`id_r`)
) ENGINE=InnoDB  DEFAULT CHARSET=utf8 AUTO_INCREMENT=54 ;

--
-- Contenu de la table `runs`
--

INSERT INTO `runs` (`id_r`, `id_m`, `id_u`, `id_s`, `time`, `positions`, `ranked`) VALUES
(1, 1, 1, NULL, 1568, '102;100;0|111;108;100|111;123;200|111;141;300|126;161;400|142;181;500|157;203;600|172;225;700|188;246;800|203;268;900|218;270;1000|234;221;1100|249;205;1200|264;207;1300|280;218;1400|286;218;1500|281;176;1600|278;173;1633', 1),
(2, 1, 2, NULL, 2864, '97;100;0|86;108;100|86;123;200|98;141;300|112;161;400|112;181;500|102;203;600|112;225;700|128;230;800|143;236;900|147;250;1000|147;267;1100|147;287;1200|155;308;1300|170;329;1400|185;330;1500|201;330;1600|216;330;1700|231;330;1800|247;330;1900|262;330;2000|271;281;2100|255;265;2200|240;267;2300|231;239;2400|247;210;2500|262;204;2600|277;212;2700|288;226;2800|283;192;2900|273;173;2983', 1),
(3, 1, 3, NULL, 1968, '102;100;0|111;108;100|111;123;200|113;141;300|129;161;400|144;181;500|155;203;600|145;225;700|142;246;800|157;268;900|173;270;1000|188;270;1100|203;270;1200|219;258;1300|234;216;1400|249;204;1500|265;208;1600|280;221;1700|295;218;1800|299;176;1900|284;171;2000|279;173;2050', 1),
(4, 1, 4, NULL, 1536, '102;100;0|113;108;100|113;123;200|129;141;300|130;161;400|145;181;500|160;203;600|176;225;700|191;246;800|206;268;900|222;226;1000|237;206;1100|252;206;1200|268;216;1300|283;230;1400|289;199;1500|279;173;1600', 1),
(5, 1, 5, NULL, 2144, '97;100;0|82;108;100|66;123;200|65;141;300|75;138;400|91;96;500|106;84;600|121;88;700|137;101;800|152;110;900|168;110;1000|183;110;1100|198;110;1200|214;110;1300|229;110;1400|244;110;1500|260;110;1600|275;110;1700|290;110;1800|304;118;1900|290;133;2000|290;151;2100|282;171;2200|279;174;2233', 1),
(6, 1, 6, NULL, 3376, '97;100;0|82;108;100|66;123;200|60;141;300|60;150;400|45;138;500|29;96;600|14;84;700|12;88;800|27;101;900|43;117;1000|58;137;1100|74;138;1200|89;96;1300|104;84;1400|120;88;1500|135;101;1600|150;110;1700|166;110;1800|181;110;1900|196;110;2000|212;79;2100|227;50;2200|242;44;2300|258;52;2400|273;66;2500|289;84;2600|304;103;2700|308;124;2800|308;146;2900|308;167;3000|308;189;3100|308;211;3200|305;230;3300|290;208;3400|274;173;3500|274;173;3516', 1),
(7, 1, 7, NULL, 2560, '102;100;0|111;108;100|111;123;200|111;141;300|118;161;400|134;181;500|149;203;600|145;225;700|134;246;800|134;268;900|141;290;1000|157;312;1100|172;330;1200|188;330;1300|203;330;1400|218;330;1500|234;330;1600|249;330;1700|255;281;1800|247;265;1900|232;267;2000|228;232;2100|239;208;2200|254;205;2300|269;214;2400|278;229;2500|273;186;2600|265;173;2666', 1),
(8, 1, 8, NULL, 1100, '102;100;0|108;108;100|108;123;200|108;141;300|124;161;400|130;181;500|130;203;600|130;225;700|130;246;800|124;268;900|109;290;1000|94;312;1100|78;330;1200|63;332;1300|75;330;1400|90;330;1500|106;330;1600|121;330;1700|116;330;1800|101;330;1900|85;330;2000|70;330;2100|55;336;2200|65;350;2300|75;367;2400|90;387;2500|105;390;2600|121;390;2700|136;390;2800|151;390;2900|167;390;3000|182;390;3100|198;390;3200|213;390;3300|228;390;3400|244;390;3500|259;390;3600|274;390;3700|290;390;3800|305;390;3900|320;390;4000|336;390;4100|351;378;4200|344;336;4300|329;324;4400|314;328;4500|298;330;4600|283;318;4700|268;276;4800|252;264;4900|237;268;5000|228;232;5100|244;208;5200|259;205;5300|274;214;5400|290;229;5500|291;186;5600|278;170;5700', 1),
(9, 1, 9, NULL, 3968, '97;100;0|82;108;100|78;123;200|78;141;300|78;150;400|91;119;500|106;90;600|121;84;700|137;92;800|152;106;900|168;110;1000|183;110;1100|198;110;1200|214;110;1300|229;110;1400|244;110;1500|260;66;1600|275;46;1700|290;46;1800|306;56;1900|321;72;2000|337;90;2100|343;110;2200|343;131;2300|343;150;2400|343;150;2500|327;106;2600|312;86;2700|297;86;2800|281;96;2900|266;110;3000|251;110;3100|235;110;3200|230;110;3300|245;110;3400|261;110;3500|276;110;3600|291;110;3700|307;118;3800|298;133;3900|290;151;4000|282;171;4100|279;174;4133', 1),
(15, 1, 9, NULL, 1488, '102;100;0|111;108;100|116;123;200|130;141;300|130;161;400|145;181;500|160;203;600|176;225;700|191;246;800|206;268;900|222;226;1000|237;206;1100|252;206;1200|268;216;1300|283;230;1400|273;181;1500|268;173;1550', 0),
(16, 1, 11, NULL, 1264, '100;100;0|112;106;100|112;121;200|115;145;300|140;177;400|174;211;500|192;244;600|221;270;700|255;231;800|288;229;900|320;230;1000|324;223;1100|312;186;1200|279;170;1300|279;170;1316', 1),
(17, 1, 12, NULL, 1344, '100;100;0|117;106;100|120;121;200|120;145;300|124;177;400|153;211;500|187;244;600|215;270;700|216;231;800|238;202;900|272;207;1000|303;221;1100|310;209;1200|302;176;1300|276;170;1400', 1),
(18, 1, 13, NULL, 1248, '100;100;0|112;106;100|112;121;200|112;145;300|120;177;400|152;211;500|185;244;600|213;263;700|216;226;800|232;212;900|266;222;1000|295;230;1100|295;197;1200|279;171;1300', 1),
(19, 1, 14, NULL, 10720, '100;100;0|117;106;100|120;121;200|120;145;300|120;177;400|124;211;500|153;244;600|187;270;700|220;270;800|254;270;900|288;276;1000|321;291;1100|352;315;1200|360;347;1300|352;381;1400|321;390;1500|288;390;1600|254;390;1700|220;390;1800|187;390;1900|153;390;2000|120;390;2100|86;390;2200|52;390;2300|19;351;2400|10;348;2500|10;353;2600|10;361;2700|10;372;2800|36;333;2900|43;304;3000|72;294;3100|106;303;3200|139;321;3300|173;330;3400|206;330;3500|240;330;3600|274;330;3700|286;291;3800|269;270;3900|235;270;4000|202;270;4100|168;249;4200|134;216;4300|101;214;4400|67;227;4500|34;230;4600|10;230;4700|10;197;4800|10;166;4900|10;169;5000|10;174;5100|36;136;5200|34;107;5300|10;112;5400|10;122;5500|22;117;5600|38;82;5700|26;59;5800|10;65;5900|10;75;6000|10;88;6100|36;49;6200|65;20;6300|98;19;6400|132;32;6500|166;52;6600|199;82;6700|233;110;6800|266;83;6900|300;67;7000|334;77;7100|367;95;7200|390;116;7300|366;86;7400|363;60;7500|389;67;7600|390;79;7700|378;75;7800|361;40;7900|373;45;8000|390;58;8100|390;72;8200|383;77;8300|345;41;8400|306;17;8500|268;23;8600|230;38;8700|191;62;8800|153;94;8900|114;111;9000|76;120;9100|38;138;9200|10;162;9300|10;177;9400|10;191;9500|10;206;9600|10;220;9700|22;230;9800|54;230;9900|88;230;10000|122;230;10100|155;233;10200|184;245;10300|189;266;10400|201;237;10500|234;206;10600|267;195;10700|300;205;10800|312;223;10900|312;223;11000|295;186;11100|278;171;11166', 1),
(20, 1, 15, NULL, 13552, '100;100;0|112;106;100|112;121;200|112;145;300|117;177;400|146;211;500|180;244;600|213;270;700|247;270;800|280;275;900|314;288;1000|348;311;1100|381;341;1200|390;362;1300|390;377;1400|387;390;1500|362;390;1600|328;390;1700|294;390;1800|261;390;1900|227;390;2000|194;390;2100|160;390;2200|126;390;2300|93;390;2400|59;390;2500|26;357;2600|10;354;2700|10;360;2800|36;322;2900|43;292;3000|72;282;3100|106;292;3200|139;310;3300|173;330;3400|206;330;3500|240;330;3600|274;330;3700|307;303;3800|341;281;3900|374;289;4000|390;304;4100|390;318;4200|390;332;4300|390;347;4400|363;309;4500|366;279;4600|390;284;4700|390;294;4800|390;308;4900|390;322;5000|390;336;5100|390;351;5200|363;313;5300|366;298;5400|390;308;5500|390;322;5600|390;336;5700|373;323;5800|339;289;5900|306;270;6000|272;276;6100|250;290;6200|238;305;6300|205;326;6400|171;330;6500|164;330;6600|164;330;6700|159;330;6800|144;297;6900|156;270;7000|189;270;7100|202;249;7200|185;216;7300|151;209;7400|118;219;7500|84;230;7600|50;230;7700|17;209;7800|10;176;7900|10;150;8000|26;151;8100|34;136;8200|50;101;8300|84;99;8400|118;111;8500|151;110;8600|185;110;8700|218;83;8800|252;51;8900|286;50;9000|319;62;9100|353;83;9200|386;112;9300|373;103;9400|361;69;9500|378;44;9600|390;43;9700|390;49;9800|390;58;9900|390;70;10000|390;84;10100|390;98;10200|370;85;10300|332;51;10400|294;26;10500|255;10;10600|217;13;10700|178;25;10800|140;46;10900|102;76;11000|63;109;11100|25;143;11200|10;167;11300|10;181;11400|10;196;11500|22;213;11600|54;230;11700|88;230;11800|122;230;11900|155;233;12000|189;245;12100|222;266;12200|256;237;12300|290;222;12400|323;230;12500|357;230;12600|390;230;12700|390;197;12800|385;190;12900|356;198;13000|322;215;13100|289;230;13200|282;230;13300|282;197;13400|282;182;13500|282;191;13600|282;209;13700|282;230;13800|282;230;13900|282;203;14000|274;171;14100|274;171;14116', 1),
(21, 1, 16, NULL, 12480, '100;100;0|112;106;100|112;121;200|112;145;300|117;177;400|146;211;500|180;244;600|213;263;700|247;226;800|280;198;900|314;203;1000|348;216;1100|381;216;1200|390;181;1300|390;154;1400|390;142;1500|382;146;1600|371;150;1700|371;136;1800|354;101;1900|321;74;2000|287;56;2100|254;52;2200|220;61;2300|186;79;2400|153;106;2500|119;110;2600|86;118;2700|64;135;2800|71;150;2900|102;151;3000|130;160;3100|161;176;3200|169;201;3300|169;233;3400|170;267;3500|191;256;3600|225;221;3700|258;208;3800|292;217;3900|313;230;4000|313;230;4100|313;230;4200|313;197;4300|314;166;4400|335;144;4500|364;149;4600|367;150;4700|367;117;4800|367;86;4900|372;64;5000|390;68;5100|390;77;5200|363;39;5300|366;10;5400|390;15;5500|390;25;5600|390;38;5700|390;52;5800|390;67;5900|364;45;6000|326;13;6100|287;13;6200|249;25;6300|210;46;6400|172;76;6500|134;109;6600|95;143;6700|57;150;6800|18;150;6900|10;157;7000|16;157;7100|38;120;7200|30;92;7300|10;73;7400|10;62;7500|10;60;7600|34;28;7700|36;10;7800|10;18;7900|10;32;8000|10;46;8100|10;61;8200|10;75;8300|10;90;8400|10;104;8500|26;122;8600|60;149;8700|94;150;8800|127;156;8900|152;170;9000|186;192;9100|219;222;9200|253;256;9300|286;289;9400|320;323;9500|354;357;9600|387;390;9700|390;390;9800|387;390;9900|387;363;10000|375;331;10100|342;307;10200|309;297;10300|275;305;10400|242;321;10500|208;330;10600|174;330;10700|141;316;10800|124;281;10900|136;271;11000|169;270;11100|202;263;11200|236;226;11300|270;218;11400|303;229;11500|335;230;11600|334;197;11700|305;182;11800|271;191;11900|238;209;12000|212;236;12100|210;269;12200|210;270;12300|214;231;12400|243;202;12500|277;196;12600|298;207;12700|299;227;12800|294;197;12900|271;171;13000', 1),
(22, 1, 17, NULL, 12784, '100;100;0|100;106;100|100;121;200|100;145;300|100;177;400|100;211;500|100;216;600|100;181;700|100;154;800|83;136;900|54;141;1000|49;143;1100|54;106;1200|83;78;1300|116;68;1400|150;78;1500|184;96;1600|217;96;1700|251;61;1800|284;34;1900|318;19;2000|351;25;2100|363;40;2200|363;64;2300|362;96;2400|362;129;2500|362;143;2600|354;106;2700|323;78;2800|289;83;2900|256;96;3000|222;96;3100|188;61;3200|155;34;3300|121;16;3400|88;10;3500|62;18;3600|60;35;3700|48;60;3800|15;93;3900|10;110;4000|30;89;4100|38;73;4200|16;82;4300|10;97;4400|36;59;4500|34;57;4600|10;69;4700|22;65;4800|38;35;4900|26;42;5000|10;55;5100|10;70;5200|10;84;5300|10;99;5400|34;69;5500|36;60;5600|10;71;5700|10;85;5800|36;47;5900|34;45;6000|10;57;6100|10;72;6200|10;86;6300|10;101;6400|36;62;6500|34;60;6600|10;73;6700|10;87;6800|10;102;6900|36;63;7000|34;55;7100|10;66;7200|10;80;7300|22;76;7400|38;41;7500|26;46;7600|10;59;7700|10;73;7800|10;88;7900|10;102;8000|10;116;8100|41;78;8200|74;49;8300|108;54;8400|142;67;8500|175;90;8600|209;103;8700|242;66;8800|276;58;8900|310;69;9000|343;88;9100|377;116;9200|378;122;9300|361;98;9400|373;106;9500|390;121;9600|390;135;9700|366;118;9800|363;126;9900|389;143;10000|383;149;10100|362;118;10200|369;124;10300|390;139;10400|390;153;10500|366;129;10600|363;136;10700|366;150;10800|340;150;10900|309;153;11000|302;165;11100|318;186;11200|318;216;11300|293;209;11400|259;176;11500|230;174;11600|226;187;11700|226;207;11800|238;237;11900|254;271;12000|254;304;12100|254;330;12200|254;323;12300|254;286;12400|254;258;12500|238;263;12600|226;263;12700|229;226;12800|254;218;12900|288;229;13000|301;230;13100|300;197;13200|278;170;13300|278;170;13316', 1),
(23, 1, 18, NULL, 7792, '100;100;0|104;101;33|112;103;66|117;106;100|120;110;133|120;115;166|120;121;200|120;128;233|120;136;266|120;145;300|120;155;333|120;166;366|120;177;400|120;188;433|120;199;466|124;211;500|132;222;533|142;233;566|153;244;600|164;255;633|176;267;666|187;263;700|198;249;733|209;237;766|220;226;800|232;221;833|243;222;866|254;224;900|265;227;933|276;230;966|288;230;1000|299;230;1033|310;230;1066|321;230;1100|332;230;1133|344;230;1166|355;216;1200|366;203;1233|377;191;1266|388;190;1300|390;191;1333|390;192;1366|390;194;1400|390;196;1433|390;198;1466|390;201;1500|390;204;1533|390;207;1566|390;211;1600|390;215;1633|390;219;1666|390;223;1700|387;228;1733|382;230;1766|373;230;1800|362;230;1833|350;230;1866|339;230;1900|328;230;1933|317;230;1966|306;230;2000|294;230;2033|283;230;2066|272;230;2100|261;230;2133|250;232;2166|238;235;2200|227;238;2233|216;243;2266|207;248;2300|202;255;2333|199;262;2366|200;270;2400|204;270;2433|211;270;2466|222;270;2500|233;270;2533|244;270;2566|255;270;2600|266;272;2633|278;275;2666|289;278;2700|300;283;2733|311;288;2766|322;295;2800|333;302;2833|340;311;2866|344;320;2900|345;330;2933|345;341;2966|345;353;3000|345;364;3033|342;375;3066|337;386;3100|328;390;3133|317;390;3166|306;390;3200|294;390;3233|283;390;3266|272;390;3300|261;390;3333|250;390;3366|238;390;3400|227;390;3433|216;390;3466|205;390;3500|194;390;3533|182;390;3566|171;390;3600|160;390;3633|149;390;3666|138;390;3700|126;390;3733|115;390;3766|104;390;3800|93;390;3833|82;390;3866|70;390;3900|59;390;3933|48;383;3966|37;369;4000|26;357;4033|14;346;4066|10;341;4100|10;342;4133|10;343;4166|10;344;4200|10;346;4233|10;348;4266|22;334;4300|32;321;4333|43;309;4366|54;299;4400|66;294;4433|77;295;4466|88;297;4500|99;300;4533|110;304;4566|122;309;4600|133;315;4633|144;322;4666|155;330;4700|166;330;4733|178;330;4766|189;330;4800|200;330;4833|211;330;4866|222;330;4900|234;330;4933|245;330;4966|256;323;5000|267;309;5033|278;297;5066|285;286;5100|289;276;5133|290;276;5166|287;278;5200|282;281;5233|273;284;5266|262;289;5300|250;294;5333|250;300;5366|238;305;5400|227;311;5433|216;318;5466|206;326;5500|199;330;5533|198;330;5566|201;330;5600|206;330;5633|215;330;5666|226;330;5700|238;330;5733|249;330;5766|260;316;5800|269;303;5833|274;291;5866|277;281;5900|276;276;5933|272;277;5966|265;279;6000|254;282;6033|250;286;6066|250;290;6100|250;295;6133|250;300;6166|238;305;6200|227;311;6233|218;318;6266|213;326;6300|211;330;6333|211;330;6366|211;330;6400|211;330;6433|214;330;6466|219;330;6500|228;330;6533|239;330;6566|249;323;6600|254;309;6633|257;297;6666|256;286;6700|252;276;6733|245;266;6766|234;258;6800|223;254;6833|212;255;6866|201;258;6900|190;261;6933|179;265;6966|172;270;7000|170;256;7033|170;243;7066|170;231;7100|174;221;7133|182;211;7166|192;211;7200|203;213;7233|214;216;7266|226;219;7300|237;224;7333|248;229;7366|259;236;7400|270;230;7433|282;230;7466|293;230;7500|304;230;7533|314;230;7566|319;230;7600|322;230;7633|321;230;7666|317;230;7700|310;230;7733|306;230;7766|306;230;7800|306;230;7833|306;230;7866|306;230;7900|306;223;7933|306;209;7966|304;197;8000|298;186;8033|290;176;8066|278;170;8100|278;170;8116', 1),
(25, 1, 20, NULL, 1376, '100;100;0|104;101;33|112;103;66|117;106;100|120;110;133|120;115;166|120;121;200|120;128;233|120;136;266|120;145;300|120;155;333|120;166;366|120;177;400|122;188;433|128;199;466|136;211;500|148;222;533|159;233;566|170;244;600|181;255;633|192;267;666|204;270;700|215;270;733|226;263;766|236;249;800|248;237;833|259;238;866|270;230;900|281;230;933|292;230;966|302;230;1000|305;230;1033|305;230;1066|305;230;1100|305;230;1133|305;230;1166|305;230;1200|305;230;1233|305;223;1266|303;209;1300|297;197;1333|288;186;1366|277;176;1400|272;171;1433', 1),
(26, 1, 21, NULL, 9488, '100;100;0|104;101;33|107;103;66|107;106;100|107;110;133|107;115;166|107;121;200|107;128;233|107;136;266|107;145;300|108;155;333|112;166;366|119;177;400|129;188;433|140;199;466|152;211;500|163;222;533|174;233;566|185;244;600|196;255;633|208;267;666|219;270;700|230;270;733|241;270;766|252;270;800|264;271;833|275;273;866|286;276;900|296;280;933|304;285;966|308;291;1000|308;298;1033|306;306;1066|300;315;1100|292;325;1133|280;330;1166|269;330;1200|258;330;1233|247;330;1266|236;330;1300|224;330;1333|213;330;1366|202;330;1400|191;330;1433|180;330;1466|168;330;1500|157;330;1533|146;330;1566|136;316;1600|128;303;1633|124;291;1666|124;281;1700|126;271;1733|132;270;1766|140;271;1800|152;270;1833|163;270;1866|174;270;1900|185;270;1933|196;270;1966|208;270;2000|219;270;2033|230;263;2066|241;249;2100|252;237;2133|264;226;2166|275;216;2200|286;206;2233|297;207;2266|308;209;2300|320;211;2333|331;215;2366|342;219;2400|353;225;2433|364;230;2466|376;230;2500|387;230;2533|390;223;2566|390;209;2600|390;197;2633|390;186;2666|390;176;2700|390;166;2733|390;158;2766|390;150;2800|390;147;2833|389;148;2866|385;149;2900|378;150;2933|370;150;2966|368;150;3000|368;150;3033|368;150;3066|368;136;3100|366;123;3133|360;111;3166|351;101;3200|340;91;3233|329;82;3266|318;74;3300|306;67;3333|295;61;3366|284;56;3400|273;52;3433|262;49;3466|250;47;3500|239;45;3533|228;45;3566|217;46;3600|206;48;3633|194;50;3666|183;54;3700|172;58;3733|161;64;3766|150;70;3800|138;78;3833|127;86;3866|116;96;3900|105;106;3933|94;117;3966|82;128;4000|71;139;4033|60;150;4066|49;150;4100|38;150;4133|26;150;4166|15;151;4200|10;153;4233|10;155;4266|10;158;4300|10;161;4333|10;164;4366|10;168;4400|10;172;4433|10;176;4466|12;181;4500|18;186;4533|26;193;4566|38;201;4600|49;209;4633|60;219;4666|71;229;4700|82;230;4733|94;223;4766|105;209;4800|116;197;4833|127;186;4866|138;187;4900|150;188;4933|161;191;4966|172;194;5000|183;199;5033|194;205;5066|206;211;5100|217;218;5133|228;227;5166|239;236;5200|250;247;5233|262;258;5266|273;269;5300|284;280;5333|295;291;5366|306;302;5400|318;314;5433|329;325;5466|340;336;5500|351;347;5533|362;358;5566|374;370;5600|382;381;5633|388;390;5666|390;390;5700|389;390;5733|385;390;5766|378;390;5800|367;390;5833|356;390;5866|345;390;5900|334;390;5933|322;390;5966|311;390;6000|300;390;6033|289;390;6066|278;390;6100|266;390;6133|255;390;6166|244;390;6200|233;390;6233|222;390;6266|210;390;6300|199;390;6333|188;390;6366|177;390;6400|166;390;6433|154;390;6466|143;390;6500|132;390;6533|121;390;6566|110;390;6600|98;390;6633|87;390;6666|76;390;6700|65;383;6733|54;369;6766|42;357;6800|31;346;6833|20;341;6866|10;342;6900|10;344;6933|10;346;6966|10;348;7000|22;334;7033|33;322;7066|44;310;7100|55;299;7133|66;289;7166|78;280;7200|89;272;7233|100;273;7266|111;275;7300|122;277;7333|134;281;7366|145;286;7400|150;291;7433|150;295;7466|150;300;7500|161;305;7533|172;311;7566|183;318;7600|194;326;7633|206;330;7666|217;330;7700|228;330;7733|239;330;7766|250;330;7800|258;316;7833|262;303;7866|262;291;7900|260;281;7933|254;271;7966|246;262;8000|234;254;8033|223;247;8066|212;248;8100|202;249;8133|194;252;8166|190;256;8200|190;260;8233|190;266;8266|190;270;8300|194;270;8333|202;270;8366|212;270;8400|223;270;8433|234;270;8466|246;270;8500|256;270;8533|263;272;8566|267;275;8600|268;278;8633|268;283;8666|268;288;8700|268;295;8733|268;302;8766|268;311;8800|268;320;8833|268;330;8866|268;330;8900|268;323;8933|268;309;8966|268;297;9000|267;286;9033|263;276;9066|256;266;9100|246;262;9133|234;263;9166|226;265;9200|220;269;9233|218;270;9266|218;270;9300|218;256;9333|219;243;9366|223;231;9400|230;221;9433|241;221;9466|252;223;9500|263;226;9533|274;229;9566|286;230;9600|292;230;9633|293;230;9666|293;230;9700|293;216;9733|290;203;9766|285;191;9800|276;181;9833|265;171;9866|265;171;9883', 1),
(27, 2, 21, NULL, 1856, '100;100;0|103;101;33|103;103;66|103;106;100|103;110;133|103;115;166|103;121;200|103;128;233|103;136;266|104;145;300|108;155;333|115;166;366|125;177;400|136;188;433|148;199;466|159;211;500|170;222;533|181;233;566|192;244;600|204;255;633|215;267;666|226;263;700|237;249;733|248;237;766|260;232;800|271;230;833|282;230;866|293;230;900|304;230;933|316;230;966|327;230;1000|338;230;1033|349;230;1066|360;230;1100|372;230;1133|383;230;1166|390;223;1200|390;209;1233|390;197;1266|390;186;1300|390;176;1333|390;166;1366|390;158;1400|388;150;1433|386;144;1466|385;138;1500|383;134;1533|379;130;1566|372;129;1600|362;130;1633|350;132;1666|342;135;1700|336;140;1733|329;145;1766|318;151;1800|307;158;1833|296;165;1866|285;174;1900|279;179;1933', 1),
(28, 1, 21, NULL, 992, '100;100;0|104;101;33|110;103;66|112;106;100|112;110;133|112;115;166|112;121;200|112;128;233|113;136;266|117;145;300|124;155;333|135;166;366|146;177;400|157;188;433|168;199;466|180;211;500|191;222;533|202;233;566|213;244;600|224;255;633|236;267;666|247;263;700|257;249;733|264;237;766|268;226;800|269;216;833|269;206;866|269;198;900|269;190;933|269;184;966|268;178;1000|267;176;1033', 0),
(35, 1, 20, NULL, 928, '100;100;0|104;101;33|112;103;66|122;106;100|133;110;133|144;110;166|156;110;200|167;110;233|178;110;266|189;110;300|200;110;333|212;110;366|223;110;400|234;110;433|245;110;466|256;110;500|268;110;533|279;110;566|290;110;600|301;111;633|312;113;666|319;116;700|323;120;733|324;125;766|321;131;800|316;138;833|307;146;866|296;155;900|284;165;933|279;170;966', 0),
(36, 2, 20, NULL, 960, '100;100;0|104;101;33|112;103;66|122;106;100|133;110;133|144;110;166|156;110;200|167;110;233|178;110;266|189;110;300|200;110;333|212;110;366|223;110;400|234;110;433|245;110;466|256;110;500|268;110;533|279;110;566|290;110;600|301;111;633|312;113;666|321;116;700|327;120;733|329;125;766|328;131;800|324;138;833|317;146;866|307;155;900|296;165;933|284;176;966|279;181;1000', 1),
(37, 2, 2, NULL, 2448, '100;100;0|104;101;33|110;103;66|112;106;100|112;110;133|112;115;166|112;121;200|112;128;233|112;136;266|112;145;300|112;155;333|112;166;366|112;177;400|112;188;433|112;199;466|115;211;500|120;222;533|129;230;566|140;230;600|152;232;633|163;235;666|174;238;700|185;243;733|196;248;766|208;255;800|219;262;833|230;270;866|241;270;900|252;270;933|261;271;966|267;273;1000|269;276;1033|269;280;1066|269;285;1100|269;291;1133|269;298;1166|269;306;1200|269;315;1233|269;325;1266|269;323;1300|269;309;1333|267;297;1366|261;286;1400|252;276;1433|241;270;1466|230;270;1500|219;270;1533|212;270;1566|212;270;1600|212;270;1633|212;270;1666|212;270;1700|212;263;1733|212;249;1766|216;237;1800|224;226;1833|234;216;1866|245;206;1900|256;198;1933|268;190;1966|279;184;2000|289;185;2033|296;186;2066|300;189;2100|301;192;2133|301;197;2166|301;203;2200|301;209;2233|301;216;2266|301;225;2300|301;230;2333|301;223;2366|301;209;2400|300;197;2433|296;186;2466|289;176;2500|279;170;2533|279;170;2550', 1),
(38, 2, 13, NULL, 960, '100;100;0|104;101;33|112;103;66|122;106;100|133;110;133|144;110;166|156;110;200|167;110;233|178;110;266|189;110;300|200;110;333|212;110;366|223;110;400|234;110;433|245;110;466|256;110;500|268;110;533|279;110;566|290;110;600|301;111;633|312;113;666|321;116;700|327;120;733|329;125;766|328;131;800|324;138;833|317;146;866|307;155;900|296;165;933|284;176;966|279;181;1000', 1),
(39, 2, 8, NULL, 928, '100;100;0|104;101;33|112;103;66|122;106;100|133;110;133|144;110;166|156;110;200|167;110;233|178;110;266|189;110;300|200;110;333|212;110;366|223;110;400|234;110;433|245;110;466|256;110;500|268;110;533|279;110;566|290;110;600|301;111;633|312;113;666|319;116;700|323;120;733|324;125;766|321;131;800|316;138;833|307;146;866|296;155;900|284;165;933|279;170;966', 1),
(40, 2, 11, NULL, 2384, '100;100;0|104;101;33|112;103;66|120;106;100|126;110;133|128;115;166|128;121;200|128;128;233|128;136;266|128;145;300|128;155;333|128;166;366|128;177;400|129;188;433|133;199;466|140;211;500|151;222;533|162;233;566|172;244;600|180;255;633|184;267;666|184;270;700|184;256;733|184;243;766|187;231;800|192;221;833|201;211;866|212;202;900|224;194;933|235;187;966|246;184;1000|257;185;1033|268;187;1066|275;191;1100|279;195;1133|280;200;1166|280;206;1200|280;213;1233|284;221;1266|292;229;1300|302;230;1333|313;230;1366|324;230;1400|336;230;1433|347;230;1466|358;230;1500|369;230;1533|380;216;1566|392;203;1600|403;191;1633|412;181;1666|417;171;1700|420;162;1733|419;154;1766|415;147;1800|408;141;1833|397;136;1866|386;132;1900|375;129;1933|364;127;1966|352;125;2000|341;125;2033|330;126;2066|319;128;2100|308;130;2133|297;134;2166|290;138;2200|290;143;2233|290;148;2266|290;153;2300|290;158;2333|290;163;2366|289;168;2400|285;175;2433|278;182;2466|278;182;2483', 1),
(41, 3, 21, NULL, 16016, '30;310;0|30;296;33|34;283;66|42;271;100|52;261;133|63;261;166|74;263;200|86;266;233|97;269;266|108;274;300|110;279;333|110;284;366|98;270;400|89;257;433|83;245;466|81;235;500|82;225;533|86;216;566|93;208;600|103;201;633|114;195;666|126;190;700|130;188;733|130;189;766|130;190;800|130;191;833|130;193;866|118;179;900|109;166;933|103;155;966|101;144;1000|102;134;1033|106;125;1066|113;117;1100|123;110;1133|134;104;1166|146;102;1200|154;103;1233|160;105;1266|162;108;1300|162;110;1333|162;110;1366|162;110;1400|162;110;1433|162;103;1466|162;89;1500|165;77;1533|170;66;1566|179;56;1600|190;46;1633|202;38;1666|213;30;1700|224;24;1733|235;18;1766|246;14;1800|258;10;1833|269;8;1866|280;6;1900|291;5;1933|302;5;1966|310;7;2000|310;8;2033|310;10;2066|298;-3;2100|289;-16;2133|283;-28;2166|281;-39;2200|282;-49;2233|286;-57;2266|293;-65;2300|303;-72;2333|314;-78;2366|326;-83;2400|337;-87;2433|348;-91;2466|359;-93;2500|370;-94;2533|382;-94;2566|393;-93;2600|404;-92;2633|415;-89;2666|426;-86;2700|438;-81;2733|449;-75;2766|460;-69;2800|471;-62;2833|482;-53;2866|494;-44;2900|505;-33;2933|516;-22;2966|527;-11;3000|536;0;3033|542;11;3066|544;22;3100|543;34;3133|539;45;3166|537;56;3200|538;67;3233|542;78;3266|549;90;3300|559;83;3333|570;69;3366|582;57;3400|593;46;3433|604;36;3466|615;26;3500|626;27;3533|638;29;3566|649;31;3600|660;35;3633|671;39;3666|682;45;3700|694;51;3733|705;59;3766|716;67;3800|727;77;3833|738;87;3866|750;98;3900|761;109;3933|772;120;3966|783;130;4000|794;130;4033|806;116;4066|817;103;4100|828;91;4133|839;81;4166|850;71;4200|862;62;4233|873;54;4266|884;47;4300|895;41;4333|906;36;4366|918;32;4400|929;29;4433|940;27;4466|951;25;4500|962;25;4533|974;26;4566|985;28;4600|996;30;4633|1007;34;4666|1018;38;4700|1030;44;4733|1041;50;4766|1052;58;4800|1063;66;4833|1074;76;4866|1086;86;4900|1097;97;4933|1108;108;4966|1119;119;5000|1130;131;5033|1142;142;5066|1153;153;5100|1164;164;5133|1175;170;5166|1186;163;5200|1198;149;5233|1209;137;5266|1220;126;5300|1231;116;5333|1242;106;5366|1254;98;5400|1265;90;5433|1276;84;5466|1287;78;5500|1298;74;5533|1310;70;5566|1321;68;5600|1332;66;5633|1343;65;5666|1354;65;5700|1366;67;5733|1377;69;5766|1388;72;5800|1399;76;5833|1410;81;5866|1422;87;5900|1433;94;5933|1444;102;5966|1455;111;6000|1466;121;6033|1478;130;6066|1489;116;6100|1500;103;6133|1511;91;6166|1522;81;6200|1534;71;6233|1545;62;6266|1556;54;6300|1567;47;6333|1578;41;6366|1590;39;6400|1601;40;6433|1612;42;6466|1623;45;6500|1634;49;6533|1646;54;6566|1657;60;6600|1668;67;6633|1679;75;6666|1690;84;6700|1702;94;6733|1713;105;6766|1724;116;6800|1735;127;6833|1746;130;6866|1758;130;6900|1769;130;6933|1780;116;6966|1791;103;7000|1802;91;7033|1814;81;7066|1825;71;7100|1836;62;7133|1847;63;7166|1858;64;7200|1865;67;7233|1869;70;7266|1870;75;7300|1870;81;7333|1870;87;7366|1870;94;7400|1870;103;7433|1870;112;7466|1870;123;7500|1872;130;7533|1878;130;7566|1886;130;7600|1898;123;7633|1909;109;7666|1920;97;7700|1931;86;7733|1942;76;7766|1954;66;7800|1965;58;7833|1976;50;7866|1987;44;7900|1998;38;7933|2010;34;7966|2021;30;8000|2032;28;8033|2043;26;8066|2054;25;8100|2066;25;8133|2077;27;8166|2088;29;8200|2099;32;8233|2110;36;8266|2122;41;8300|2133;47;8333|2144;54;8366|2155;62;8400|2166;71;8433|2178;81;8466|2189;91;8500|2200;103;8533|2211;114;8566|2222;125;8600|2234;130;8633|2245;130;8666|2256;116;8700|2267;103;8733|2278;91;8766|2290;81;8800|2301;71;8833|2312;62;8866|2323;54;8900|2334;47;8933|2346;41;8966|2357;36;9000|2368;32;9033|2379;30;9066|2390;32;9100|2402;34;9133|2413;37;9166|2423;41;9200|2430;46;9233|2434;52;9266|2435;59;9300|2435;67;9333|2435;76;9366|2438;86;9400|2443;96;9433|2452;108;9466|2463;119;9500|2474;130;9533|2486;116;9566|2497;103;9600|2508;91;9633|2519;81;9666|2530;71;9700|2542;62;9733|2553;54;9766|2564;47;9800|2575;41;9833|2586;36;9866|2598;32;9900|2609;29;9933|2620;27;9966|2631;25;10000|2642;25;10033|2654;26;10066|2665;28;10100|2676;30;10133|2687;34;10166|2698;38;10200|2710;44;10233|2721;50;10266|2732;58;10300|2743;66;10333|2754;76;10366|2766;86;10400|2777;97;10433|2788;108;10466|2799;119;10500|2810;130;10533|2822;130;10566|2833;130;10600|2844;116;10633|2855;103;10666|2866;91;10700|2878;81;10733|2889;71;10766|2900;62;10800|2911;54;10833|2922;47;10866|2934;41;10900|2945;36;10933|2956;32;10966|2967;29;11000|2978;27;11033|2990;25;11066|3001;25;11100|3012;26;11133|3023;28;11166|3034;30;11200|3046;34;11233|3057;38;11266|3068;44;11300|3079;50;11333|3090;58;11366|3102;66;11400|3113;76;11433|3124;86;11466|3135;97;11500|3146;108;11533|3158;119;11566|3169;131;11600|3180;142;11633|3191;153;11666|3202;164;11700|3214;175;11733|3222;187;11766|3228;198;11800|3230;209;11833|3230;220;11866|3230;231;11900|3230;243;11933|3230;254;11966|3230;265;12000|3230;276;12033|3230;287;12066|3230;299;12100|3231;310;12133|3235;321;12166|3242;332;12200|3253;343;12233|3264;355;12266|3274;366;12300|3286;377;12333|3297;388;12366|3308;399;12400|3319;410;12433|3330;396;12466|3342;383;12500|3353;371;12533|3364;361;12566|3375;351;12600|3386;342;12633|3398;334;12666|3409;327;12700|3420;321;12733|3431;316;12766|3442;312;12800|3454;309;12833|3465;307;12866|3476;305;12900|3487;305;12933|3498;306;12966|3510;308;13000|3521;310;13033|3532;314;13066|3543;318;13100|3554;324;13133|3566;330;13166|3577;338;13200|3588;346;13233|3599;356;13266|3610;366;13300|3622;377;13333|3633;388;13366|3644;399;13400|3655;411;13433|3666;422;13466|3678;433;13500|3686;444;13533|3692;455;13566|3694;467;13600|3694;478;13633|3694;489;13666|3694;500;13700|3694;511;13733|3694;523;13766|3694;534;13800|3694;545;13833|3694;556;13866|3695;567;13900|3699;570;13933|3706;556;13966|3717;543;14000|3728;531;14033|3739;521;14066|3750;511;14100|3762;502;14133|3773;494;14166|3784;487;14200|3795;481;14233|3806;476;14266|3815;477;14300|3821;478;14333|3823;481;14366|3823;485;14400|3823;489;14433|3823;495;14466|3823;501;14500|3823;509;14533|3823;510;14566|3823;510;14600|3823;503;14633|3823;489;14666|3823;477;14700|3823;466;14733|3823;456;14766|3823;446;14800|3823;438;14833|3823;430;14866|3824;424;14900|3828;418;14933|3835;414;14966|3846;412;15000|3856;413;15033|3863;415;15066|3869;419;15100|3878;423;15133|3889;428;15166|3897;430;15200|3898;430;15233|3901;430;15266|3906;416;15300|3910;403;15333|3911;391;15366|3912;381;15400|3916;371;15433|3923;362;15466|3934;354;15500|3945;347;15533|3956;341;15566|3967;336;15600|3978;332;15633|3990;330;15666|4001;330;15700|4012;330;15733|4023;330;15766|4034;316;15800|4046;303;15833|4057;291;15866|4068;281;15900|4079;271;15933|4090;262;15966|4102;254;16000|4113;247;16033|4124;241;16066|4135;236;16100|4146;232;16133|4158;233;16166|4169;234;16200|4180;237;16233|4191;240;16266|4200;245;16300|4206;251;16333|4208;257;16366|4208;264;16400|4210;273;16433|4216;282;16466|4225;293;16500|4236;304;16533|4245;315;16566|4250;326;16600|4253;337;16633|4253;348;16666|4253;348;16683', 1),
(42, 3, 20, NULL, 15728, '30;310;0|30;296;33|32;283;66|38;271;100|46;261;133|58;251;166|69;251;200|80;253;233|91;256;266|102;259;300|110;264;333|110;269;366|98;255;400|89;242;433|83;231;466|81;220;500|82;210;533|86;201;566|93;193;600|103;186;633|114;180;666|126;175;700|130;176;733|130;177;766|130;178;800|118;164;833|109;151;866|103;140;900|101;129;933|102;119;966|106;110;1000|113;102;1033|123;95;1066|134;92;1100|145;94;1133|152;96;1166|156;99;1200|157;103;1233|157;108;1266|159;110;1300|165;110;1333|174;110;1366|185;96;1400|196;83;1433|207;71;1466|210;61;1500|215;51;1533|226;42;1566|238;34;1600|249;27;1633|260;21;1666|271;16;1700|282;12;1733|294;9;1766|305;7;1800|310;5;1833|310;6;1866|310;7;1900|298;-7;1933|289;-20;1966|283;-31;2000|281;-31;2033|282;-29;2066|286;-26;2100|293;-23;2133|303;-18;2166|314;-13;2200|326;-10;2233|337;-10;2266|348;-10;2300|359;-10;2333|370;-10;2366|382;-9;2400|393;-7;2433|404;-4;2466|415;0;2500|426;5;2533|438;11;2566|449;18;2600|460;26;2633|471;30;2666|482;30;2700|494;30;2733|505;30;2766|516;30;2800|527;32;2833|538;35;2866|550;38;2900|561;43;2933|572;48;2966|583;55;3000|594;62;3033|606;71;3066|617;80;3100|628;90;3133|639;101;3166|650;113;3200|662;124;3233|673;135;3266|684;146;3300|690;154;3333|683;150;3366|673;136;3400|666;124;3433|662;113;3466|661;103;3500|663;93;3533|669;94;3566|678;96;3600|689;98;3633|700;102;3666|711;106;3700|722;112;3733|734;118;3766|745;126;3800|756;130;3833|767;130;3866|778;130;3900|790;130;3933|801;123;3966|812;109;4000|823;97;4033|834;86;4066|846;76;4100|857;66;4133|868;58;4166|879;50;4200|890;44;4233|902;38;4266|913;34;4300|924;30;4333|935;29;4366|946;30;4400|958;32;4433|969;35;4466|980;40;4500|991;45;4533|1002;51;4566|1014;58;4600|1025;65;4633|1036;74;4666|1047;84;4700|1058;95;4733|1070;106;4766|1081;117;4800|1092;129;4833|1103;140;4866|1114;151;4900|1126;162;4933|1137;170;4966|1148;156;5000|1159;143;5033|1170;131;5066|1182;121;5100|1193;111;5133|1204;102;5166|1215;94;5200|1226;87;5233|1238;81;5266|1249;76;5300|1260;72;5333|1271;69;5366|1282;67;5400|1294;65;5433|1305;65;5466|1316;66;5500|1327;68;5533|1338;70;5566|1350;74;5600|1361;78;5633|1372;84;5666|1383;90;5700|1394;98;5733|1406;106;5766|1417;116;5800|1428;126;5833|1439;130;5866|1450;130;5900|1462;116;5933|1473;103;5966|1484;91;6000|1495;81;6033|1506;71;6066|1518;62;6100|1529;54;6133|1540;47;6166|1551;48;6200|1562;49;6233|1574;52;6266|1585;56;6300|1596;60;6333|1607;66;6366|1618;72;6400|1630;80;6433|1641;88;6466|1652;97;6500|1663;108;6533|1674;119;6566|1686;130;6600|1697;130;6633|1708;123;6666|1719;109;6700|1730;97;6733|1742;86;6766|1753;76;6800|1764;66;6833|1775;58;6866|1786;50;6900|1798;44;6933|1809;38;6966|1820;34;7000|1831;30;7033|1842;28;7066|1854;26;7100|1865;25;7133|1876;25;7166|1887;27;7200|1898;29;7233|1910;32;7266|1921;36;7300|1932;41;7333|1943;47;7366|1954;54;7400|1966;62;7433|1977;71;7466|1988;81;7500|1999;91;7533|2010;103;7566|2022;114;7600|2033;125;7633|2044;130;7666|2055;130;7700|2066;123;7733|2078;109;7766|2089;97;7800|2100;86;7833|2111;76;7866|2122;66;7900|2134;58;7933|2145;50;7966|2156;44;8000|2167;38;8033|2178;34;8066|2190;30;8100|2201;28;8133|2212;26;8166|2223;25;8200|2234;25;8233|2246;27;8266|2257;29;8300|2268;32;8333|2279;36;8366|2290;41;8400|2302;47;8433|2313;54;8466|2324;62;8500|2333;71;8533|2338;81;8566|2341;91;8600|2341;103;8633|2341;114;8666|2341;125;8700|2341;130;8733|2341;130;8766|2343;130;8800|2349;130;8833|2358;123;8866|2369;109;8900|2380;97;8933|2391;86;8966|2402;76;9000|2414;66;9033|2425;58;9066|2436;50;9100|2447;44;9133|2458;38;9166|2470;34;9200|2481;30;9233|2492;28;9266|2503;26;9300|2514;25;9333|2526;25;9366|2537;27;9400|2548;29;9433|2559;32;9466|2570;36;9500|2582;41;9533|2593;47;9566|2604;54;9600|2615;62;9633|2626;71;9666|2633;81;9700|2637;91;9733|2639;103;9766|2645;114;9800|2654;125;9833|2665;130;9866|2676;130;9900|2687;123;9933|2698;109;9966|2710;97;10000|2721;86;10033|2732;76;10066|2743;66;10100|2754;58;10133|2766;50;10166|2777;44;10200|2788;38;10233|2799;34;10266|2810;30;10300|2822;28;10333|2833;26;10366|2844;25;10400|2855;25;10433|2866;27;10466|2878;29;10500|2889;32;10533|2900;36;10566|2911;41;10600|2922;47;10633|2934;54;10666|2945;62;10700|2956;71;10733|2967;81;10766|2978;91;10800|2990;103;10833|3001;114;10866|3012;125;10900|3023;130;10933|3034;130;10966|3046;130;11000|3057;130;11033|3068;132;11066|3079;135;11100|3090;138;11133|3102;143;11166|3113;148;11200|3124;155;11233|3135;162;11266|3146;171;11300|3158;180;11333|3169;190;11366|3180;201;11400|3191;213;11433|3202;224;11466|3214;235;11500|3225;246;11533|3236;257;11566|3247;269;11600|3258;280;11633|3270;291;11666|3281;302;11700|3292;313;11733|3303;325;11766|3314;336;11800|3326;347;11833|3337;358;11866|3348;369;11900|3359;381;11933|3370;392;11966|3382;403;12000|3393;414;12033|3404;425;12066|3415;437;12100|3426;448;12133|3438;459;12166|3449;470;12200|3460;481;12233|3471;493;12266|3482;504;12300|3494;515;12333|3505;526;12366|3516;537;12400|3527;549;12433|3538;560;12466|3550;571;12500|3561;582;12533|3572;593;12566|3583;605;12600|3594;610;12633|3606;603;12666|3617;589;12700|3628;577;12733|3639;566;12766|3650;556;12800|3662;546;12833|3673;538;12866|3684;534;12900|3695;535;12933|3706;538;12966|3715;541;13000|3721;545;13033|3723;550;13066|3723;556;13100|3723;563;13133|3723;570;13166|3723;570;13200|3723;556;13233|3724;543;13266|3728;531;13300|3735;521;13333|3746;511;13366|3757;502;13400|3768;494;13433|3779;487;13466|3790;481;13500|3801;482;13533|3808;483;13566|3812;486;13600|3813;490;13633|3813;494;13666|3813;500;13700|3813;506;13733|3813;510;13766|3813;503;13800|3813;489;13833|3813;477;13866|3813;466;13900|3814;456;13933|3818;446;13966|3825;438;14000|3835;430;14033|3846;424;14066|3858;421;14100|3866;422;14133|3872;425;14166|3874;428;14200|3874;430;14233|3874;430;14266|3874;430;14300|3874;416;14333|3874;403;14366|3877;391;14400|3882;381;14433|3891;371;14466|3902;362;14500|3914;363;14533|3925;364;14566|3936;367;14600|3947;370;14633|3958;375;14666|3970;381;14700|3970;385;14733|3970;390;14766|3958;376;14800|3949;364;14833|3943;352;14866|3941;341;14900|3942;331;14933|3946;322;14966|3953;315;15000|3963;308;15033|3974;305;15066|3986;306;15100|3997;308;15133|4006;311;15166|4011;315;15200|4014;320;15233|4014;326;15266|4014;330;15300|4016;323;15333|4022;309;15366|4030;297;15400|4042;286;15433|4053;276;15466|4064;266;15500|4075;258;15533|4086;250;15566|4098;244;15600|4109;238;15633|4120;234;15666|4131;230;15700|4142;228;15733|4154;226;15766|4165;225;15800|4176;225;15833|4187;227;15866|4198;229;15900|4210;232;15933|4218;236;15966|4224;241;16000|4226;247;16033|4226;254;16066|4226;262;16100|4226;271;16133|4226;281;16166|4226;291;16200|4226;303;16233|4226;314;16266|4226;325;16300|4226;336;16333|4227;347;16366|4227;347;16383', 1),
(43, 3, 7, NULL, 14656, '30;310;0|30;296;33|34;283;66|42;271;100|52;261;133|63;251;166|74;246;200|86;248;233|97;250;266|108;253;300|110;257;333|103;252;366|93;239;400|86;226;433|82;215;466|81;205;500|83;196;533|89;187;566|98;180;600|109;173;633|120;168;666|130;163;700|130;161;733|130;162;766|130;163;800|123;157;833|113;144;866|106;131;900|102;120;933|101;110;966|103;100;1000|109;92;1033|118;85;1066|129;78;1100|140;73;1133|151;68;1166|162;64;1200|174;62;1233|185;60;1266|196;60;1300|207;61;1333|210;63;1366|210;65;1400|210;68;1433|203;63;1466|193;49;1500|186;37;1533|182;26;1566|181;16;1600|183;6;1633|189;-2;1666|198;-10;1700|209;-16;1733|220;-22;1766|231;-26;1800|242;-30;1833|254;-32;1866|265;-34;1900|276;-35;1933|287;-35;1966|298;-33;2000|310;-31;2033|321;-28;2066|332;-24;2100|343;-19;2133|354;-13;2166|366;-10;2200|377;-10;2233|388;-8;2266|399;-5;2300|410;-2;2333|422;3;2366|433;8;2400|444;15;2433|455;22;2466|466;30;2500|478;30;2533|489;30;2566|500;16;2600|511;3;2633|522;-9;2666|534;-19;2700|545;-29;2733|556;-38;2766|567;-42;2800|578;-41;2833|590;-39;2866|601;-36;2900|612;-31;2933|623;-26;2966|634;-20;3000|646;-13;3033|657;-6;3066|668;3;3100|679;13;3133|690;24;3166|702;35;3200|713;46;3233|724;58;3266|735;69;3300|746;80;3333|758;91;3366|769;102;3400|780;114;3433|791;125;3466|802;130;3500|814;116;3533|825;103;3566|836;91;3600|847;81;3633|858;71;3666|870;62;3700|881;54;3733|892;47;3766|903;41;3800|914;36;3833|926;32;3866|937;29;3900|948;28;3933|959;29;3966|970;31;4000|982;34;4033|993;38;4066|1004;43;4100|1015;49;4133|1026;56;4166|1038;64;4200|1049;73;4233|1060;83;4266|1071;94;4300|1082;105;4333|1094;116;4366|1105;127;4400|1116;139;4433|1127;150;4466|1138;161;4500|1150;170;4533|1161;156;4566|1172;143;4600|1183;131;4633|1194;121;4666|1206;111;4700|1217;102;4733|1228;94;4766|1239;87;4800|1250;81;4833|1262;76;4866|1273;72;4900|1284;69;4933|1295;67;4966|1306;65;5000|1318;65;5033|1329;66;5066|1340;68;5100|1351;70;5133|1362;74;5166|1374;78;5200|1385;84;5233|1396;90;5266|1407;98;5300|1418;106;5333|1430;116;5366|1441;126;5400|1452;130;5433|1463;123;5466|1474;109;5500|1486;97;5533|1497;86;5566|1508;76;5600|1519;66;5633|1530;62;5666|1542;63;5700|1553;65;5733|1564;69;5766|1575;73;5800|1586;78;5833|1598;84;5866|1609;91;5900|1620;99;5933|1631;107;5966|1642;117;6000|1654;128;6033|1665;130;6066|1676;130;6100|1687;123;6133|1698;109;6166|1710;97;6200|1721;86;6233|1732;76;6266|1743;66;6300|1754;58;6333|1766;50;6366|1777;51;6400|1788;53;6433|1799;55;6466|1810;59;6500|1822;64;6533|1833;69;6566|1843;76;6600|1850;83;6633|1854;91;6666|1857;101;6700|1862;111;6733|1871;122;6766|1882;130;6800|1894;130;6833|1905;116;6866|1916;103;6900|1927;91;6933|1938;81;6966|1950;71;7000|1961;62;7033|1972;54;7066|1983;47;7100|1994;41;7133|2006;36;7166|2017;32;7200|2028;29;7233|2039;27;7266|2050;25;7300|2062;25;7333|2073;26;7366|2084;28;7400|2095;30;7433|2106;34;7466|2118;38;7500|2129;44;7533|2140;50;7566|2151;58;7600|2162;66;7633|2171;76;7666|2177;86;7700|2184;97;7733|2194;108;7766|2206;119;7800|2217;130;7833|2228;123;7866|2239;109;7900|2250;97;7933|2262;86;7966|2273;76;8000|2284;66;8033|2295;58;8066|2306;50;8100|2318;44;8133|2329;38;8166|2340;34;8200|2351;30;8233|2362;28;8266|2374;26;8300|2385;27;8333|2395;28;8366|2402;31;8400|2406;34;8433|2409;39;8466|2414;45;8500|2423;51;8533|2434;58;8566|2446;67;8600|2454;76;8633|2460;87;8666|2462;98;8700|2466;109;8733|2474;120;8766|2484;130;8800|2495;130;8833|2506;130;8866|2518;123;8900|2529;109;8933|2540;97;8966|2551;86;9000|2562;87;9033|2574;88;9066|2585;91;9100|2596;94;9133|2607;99;9166|2618;105;9200|2630;111;9233|2641;118;9266|2652;127;9300|2663;123;9333|2674;109;9366|2686;97;9400|2697;86;9433|2708;76;9466|2719;66;9500|2730;58;9533|2742;50;9566|2753;44;9600|2764;38;9633|2775;34;9666|2786;30;9700|2798;28;9733|2809;26;9766|2820;25;9800|2831;25;9833|2842;27;9866|2854;29;9900|2865;32;9933|2876;36;9966|2887;41;10000|2898;47;10033|2910;54;10066|2921;62;10100|2932;71;10133|2943;81;10166|2954;91;10200|2966;103;10233|2977;114;10266|2988;125;10300|2999;123;10333|3010;109;10366|3022;97;10400|3033;86;10433|3044;76;10466|3055;66;10500|3066;58;10533|3078;50;10566|3089;44;10600|3100;38;10633|3111;34;10666|3122;30;10700|3134;28;10733|3145;26;10766|3156;25;10800|3167;25;10833|3178;27;10866|3190;29;10900|3201;32;10933|3212;36;10966|3223;41;11000|3234;47;11033|3246;54;11066|3257;62;11100|3268;71;11133|3279;81;11166|3290;91;11200|3302;103;11233|3313;114;11266|3324;125;11300|3335;136;11333|3346;147;11366|3358;159;11400|3369;170;11433|3380;181;11466|3391;192;11500|3402;203;11533|3414;215;11566|3425;226;11600|3436;237;11633|3447;248;11666|3458;259;11700|3470;271;11733|3481;282;11766|3492;293;11800|3503;304;11833|3514;315;11866|3526;327;11900|3537;338;11933|3548;349;11966|3559;360;12000|3570;371;12033|3582;383;12066|3593;394;12100|3604;405;12133|3615;416;12166|3626;427;12200|3638;439;12233|3649;450;12266|3660;461;12300|3671;472;12333|3682;483;12366|3694;495;12400|3705;506;12433|3716;517;12466|3727;528;12500|3738;539;12533|3749;551;12566|3756;562;12600|3760;570;12633|3760;570;12666|3760;563;12700|3760;549;12733|3760;537;12766|3761;526;12800|3765;516;12833|3772;506;12866|3782;498;12900|3794;490;12933|3805;487;12966|3815;488;13000|3822;491;13033|3826;494;13066|3827;498;13100|3827;503;13133|3827;509;13166|3827;510;13200|3827;510;13233|3827;496;13266|3827;483;13300|3827;471;13333|3827;461;13366|3830;451;13400|3835;442;13433|3844;434;13466|3855;427;13500|3866;428;13533|3873;429;13566|3876;430;13600|3876;430;13633|3876;430;13666|3876;430;13700|3876;430;13733|3876;416;13766|3878;403;13800|3884;391;13833|3893;381;13866|3904;371;13900|3915;362;13933|3926;354;13966|3938;347;14000|3949;341;14033|3960;336;14066|3971;332;14100|3982;330;14133|3994;330;14166|4005;330;14200|4016;330;14233|4027;330;14266|4037;330;14300|4040;330;14333|4040;330;14366|4040;330;14400|4040;330;14433|4040;330;14466|4042;330;14500|4048;316;14533|4057;303;14566|4068;291;14600|4079;281;14633|4090;271;14666|4102;262;14700|4113;254;14733|4124;247;14766|4135;248;14800|4146;249;14833|4158;252;14866|4169;256;14900|4180;260;14933|4191;266;14966|4202;272;15000|4214;280;15033|4222;288;15066|4228;297;15100|4230;308;15133|4230;319;15166|4230;330;15200|4230;341;15233|4231;347;15266', 1),
(44, 3, 11, NULL, 14800, '30;310;0|30;296;33|30;283;66|34;271;100|42;261;133|52;251;166|63;242;200|74;238;233|86;239;266|97;241;300|108;244;333|110;248;366|103;244;400|93;230;433|86;218;466|82;207;500|81;196;533|83;187;566|89;179;600|98;171;633|109;165;666|120;159;700|130;160;733|130;161;766|130;163;800|118;149;833|109;136;866|103;125;900|101;114;933|102;104;966|106;95;1000|113;87;1033|123;80;1066|134;74;1100|146;69;1133|157;65;1166|168;62;1200|179;60;1233|190;59;1266|202;60;1300|210;63;1333|210;65;1366|203;60;1400|193;47;1433|186;34;1466|182;23;1500|181;13;1533|183;3;1566|189;-5;1600|198;-12;1633|209;-19;1666|220;-24;1700|231;-29;1733|242;-33;1766|254;-35;1800|265;-37;1833|276;-38;1866|287;-37;1900|298;-36;1933|310;-34;1966|321;-31;2000|332;-27;2033|343;-22;2066|354;-16;2100|366;-10;2133|377;-10;2166|388;-8;2200|399;-5;2233|410;-2;2266|422;3;2300|433;8;2333|444;15;2366|455;22;2400|466;30;2433|478;30;2466|489;30;2500|500;23;2533|511;9;2566|522;-3;2600|534;-14;2633|545;-24;2666|556;-34;2700|567;-33;2733|578;-31;2766|590;-29;2800|601;-25;2833|612;-21;2866|623;-15;2900|634;-9;2933|646;-1;2966|657;7;3000|668;17;3033|679;27;3066|690;38;3100|702;49;3133|713;60;3166|724;72;3200|735;83;3233|746;94;3266|758;105;3300|769;116;3333|780;128;3366|791;130;3400|802;123;3433|814;109;3466|825;97;3500|836;86;3533|847;76;3566|858;66;3600|870;58;3633|881;50;3666|892;44;3700|903;38;3733|914;39;3766|926;41;3800|937;43;3833|948;47;3866|959;52;3900|970;57;3933|982;64;3966|993;71;4000|1004;79;4033|1015;89;4066|1026;99;4100|1038;110;4133|1049;121;4166|1060;133;4200|1071;144;4233|1082;155;4266|1094;166;4300|1105;170;4333|1116;170;4366|1127;170;4400|1138;170;4433|1150;156;4466|1161;143;4500|1172;131;4533|1183;121;4566|1194;111;4600|1206;102;4633|1217;94;4666|1228;87;4700|1239;81;4733|1250;76;4766|1262;72;4800|1273;69;4833|1284;67;4866|1295;65;4900|1306;65;4933|1318;66;4966|1329;68;5000|1340;70;5033|1351;74;5066|1362;78;5100|1374;84;5133|1385;90;5166|1396;98;5200|1407;106;5233|1418;116;5266|1430;126;5300|1441;130;5333|1452;130;5366|1463;123;5400|1474;109;5433|1486;97;5466|1497;86;5500|1508;76;5533|1519;66;5566|1530;58;5600|1542;50;5633|1553;44;5666|1564;38;5700|1575;39;5733|1586;41;5766|1598;43;5800|1609;47;5833|1620;52;5866|1631;57;5900|1642;64;5933|1654;71;5966|1665;79;6000|1676;89;6033|1687;99;6066|1698;110;6100|1710;121;6133|1721;130;6166|1732;130;6200|1743;116;6233|1754;103;6266|1766;91;6300|1777;81;6333|1788;76;6366|1799;77;6400|1810;79;6433|1822;82;6466|1833;86;6500|1844;91;6533|1855;97;6566|1866;104;6600|1877;112;6633|1888;121;6666|1899;130;6700|1910;130;6733|1922;123;6766|1933;109;6800|1944;97;6833|1955;86;6866|1966;76;6900|1978;66;6933|1989;58;6966|2000;50;7000|2011;44;7033|2022;38;7066|2034;34;7100|2045;30;7133|2056;28;7166|2067;26;7200|2078;27;7233|2090;28;7266|2101;31;7300|2112;34;7333|2122;39;7366|2130;45;7400|2134;51;7433|2134;58;7466|2137;67;7500|2142;76;7533|2151;87;7566|2162;98;7600|2174;109;7633|2185;120;7666|2196;130;7700|2207;130;7733|2218;130;7766|2230;123;7800|2241;109;7833|2252;97;7866|2263;86;7900|2274;76;7933|2286;66;7966|2297;58;8000|2308;50;8033|2319;44;8066|2330;38;8100|2342;34;8133|2353;30;8166|2364;29;8200|2375;30;8233|2386;32;8266|2398;35;8300|2409;40;8333|2420;45;8366|2431;51;8400|2440;58;8433|2446;65;8466|2448;74;8500|2448;84;8533|2448;95;8566|2450;106;8600|2456;117;8633|2465;129;8666|2476;130;8700|2487;123;8733|2498;109;8766|2510;97;8800|2521;86;8833|2532;76;8866|2543;66;8900|2554;58;8933|2566;50;8966|2577;44;9000|2588;38;9033|2599;34;9066|2610;30;9100|2622;28;9133|2633;26;9166|2644;25;9200|2655;25;9233|2666;27;9266|2678;29;9300|2689;32;9333|2700;36;9366|2711;41;9400|2722;47;9433|2734;54;9466|2745;62;9500|2756;71;9533|2767;81;9566|2778;91;9600|2790;103;9633|2801;114;9666|2812;125;9700|2823;130;9733|2834;130;9766|2846;123;9800|2857;109;9833|2868;97;9866|2879;86;9900|2890;76;9933|2902;66;9966|2913;58;10000|2924;50;10033|2935;44;10066|2946;38;10100|2958;36;10133|2969;37;10166|2980;40;10200|2991;43;10233|3002;47;10266|3014;52;10300|3025;58;10333|3036;65;10366|3047;73;10400|3058;82;10433|3070;91;10466|3081;102;10500|3092;113;10533|3103;125;10566|3114;136;10600|3126;147;10633|3137;158;10666|3148;169;10700|3159;181;10733|3170;192;10766|3182;203;10800|3193;214;10833|3204;225;10866|3215;237;10900|3226;248;10933|3238;259;10966|3249;270;11000|3260;281;11033|3271;293;11066|3282;304;11100|3294;315;11133|3305;326;11166|3316;337;11200|3327;349;11233|3338;360;11266|3350;371;11300|3361;382;11333|3372;393;11366|3383;405;11400|3394;416;11433|3406;427;11466|3417;438;11500|3428;449;11533|3439;461;11566|3450;472;11600|3462;483;11633|3473;494;11666|3484;505;11700|3495;517;11733|3506;528;11766|3518;539;11800|3529;550;11833|3540;561;11866|3551;573;11900|3562;584;11933|3574;595;11966|3585;606;12000|3596;610;12033|3607;610;12066|3618;603;12100|3630;589;12133|3641;577;12166|3652;566;12200|3663;556;12233|3674;551;12266|3686;552;12300|3697;554;12333|3706;557;12366|3711;562;12400|3714;567;12433|3714;570;12466|3714;570;12500|3714;556;12533|3716;543;12566|3722;531;12600|3730;521;12633|3742;511;12666|3753;502;12700|3764;494;12733|3775;487;12766|3786;484;12800|3798;485;12833|3809;487;12866|3818;491;12900|3823;495;12933|3826;500;12966|3826;506;13000|3826;510;13033|3826;510;13066|3826;503;13100|3826;489;13133|3826;477;13166|3826;466;13200|3830;456;13233|3838;446;13266|3848;438;13300|3858;430;13333|3863;430;13366|3863;430;13400|3863;430;13433|3863;430;13466|3863;430;13500|3863;430;13533|3863;423;13566|3864;409;13600|3868;397;13633|3875;386;13666|3886;376;13700|3897;366;13733|3908;358;13766|3919;350;13800|3930;344;13833|3942;338;13866|3953;334;13900|3964;332;13933|3975;330;13966|3986;330;14000|3998;330;14033|4009;323;14066|4020;309;14100|4031;297;14133|4042;286;14166|4051;287;14200|4057;288;14233|4059;291;14266|4059;294;14300|4059;299;14333|4058;305;14366|4054;311;14400|4047;318;14433|4037;327;14466|4026;330;14500|4019;330;14533|4018;330;14566|4021;330;14600|4026;316;14633|4035;303;14666|4046;291;14700|4058;281;14733|4069;271;14766|4080;262;14800|4091;254;14833|4102;247;14866|4114;241;14900|4125;242;14933|4136;243;14966|4147;246;15000|4158;250;15033|4170;254;15066|4181;260;15100|4192;266;15133|4203;274;15166|4214;282;15200|4226;291;15233|4237;302;15266|4246;313;15300|4251;324;15333|4254;335;15366|4254;346;15400|4254;346;15416', 1);
INSERT INTO `runs` (`id_r`, `id_m`, `id_u`, `id_s`, `time`, `positions`, `ranked`) VALUES
(45, 3, 5, NULL, 14528, '30;310;0|30;296;33|34;283;66|42;271;100|52;261;133|63;251;166|74;242;200|86;243;233|97;244;266|108;247;300|110;250;333|103;245;366|93;232;400|86;220;433|82;208;466|81;198;500|83;189;533|89;180;566|98;173;600|109;166;633|120;161;666|130;159;700|130;160;733|130;161;766|123;154;800|113;141;833|106;129;866|102;118;900|101;107;933|103;98;966|109;89;1000|118;82;1033|129;76;1066|140;70;1100|151;65;1133|162;62;1166|174;59;1200|185;58;1233|196;57;1266|207;58;1300|218;50;1333|230;50;1366|241;43;1400|252;29;1433|263;17;1466|274;6;1500|286;-4;1533|297;-14;1566|308;-22;1600|319;-30;1633|330;-36;1666|342;-42;1700|353;-46;1733|364;-50;1766|375;-49;1800|386;-47;1833|398;-45;1866|409;-41;1900|420;-37;1933|431;-31;1966|442;-25;2000|454;-17;2033|465;-9;2066|476;1;2100|487;11;2133|498;22;2166|510;33;2200|521;44;2233|532;56;2266|543;67;2300|554;78;2333|566;89;2366|577;90;2400|588;83;2433|599;69;2466|610;57;2500|622;46;2533|633;36;2566|644;31;2600|655;32;2633|666;34;2666|678;37;2700|689;42;2733|700;47;2766|711;53;2800|722;60;2833|734;67;2866|745;76;2900|756;86;2933|767;97;2966|778;108;3000|790;119;3033|801;130;3066|812;123;3100|823;109;3133|834;97;3166|846;86;3200|857;76;3233|868;66;3266|879;58;3300|890;50;3333|902;44;3366|913;38;3400|924;34;3433|935;30;3466|946;31;3500|958;33;3533|969;35;3566|980;39;3600|991;43;3633|1002;49;3666|1014;55;3700|1025;63;3733|1036;71;3766|1047;81;3800|1058;91;3833|1070;102;3866|1081;113;3900|1092;124;3933|1103;136;3966|1114;147;4000|1126;158;4033|1137;169;4066|1148;170;4100|1159;156;4133|1170;143;4166|1182;131;4200|1193;121;4233|1204;111;4266|1215;102;4300|1226;94;4333|1238;87;4366|1249;81;4400|1260;76;4433|1271;72;4466|1282;69;4500|1294;67;4533|1305;65;4566|1316;65;4600|1327;66;4633|1338;68;4666|1350;70;4700|1361;74;4733|1372;78;4766|1383;84;4800|1394;90;4833|1406;98;4866|1417;106;4900|1428;116;4933|1439;126;4966|1450;123;5000|1462;109;5033|1473;97;5066|1484;86;5100|1495;76;5133|1506;66;5166|1518;58;5200|1529;50;5233|1540;51;5266|1551;53;5300|1562;55;5333|1574;59;5366|1585;64;5400|1596;69;5433|1607;76;5466|1618;83;5500|1630;91;5533|1641;101;5566|1652;111;5600|1663;122;5633|1674;130;5666|1686;130;5700|1697;130;5733|1708;130;5766|1719;123;5800|1730;109;5833|1742;97;5866|1753;86;5900|1764;76;5933|1775;66;5966|1786;58;6000|1798;50;6033|1809;44;6066|1820;38;6100|1831;34;6133|1842;30;6166|1854;28;6200|1865;26;6233|1876;25;6266|1887;25;6300|1898;27;6333|1910;29;6366|1921;32;6400|1932;36;6433|1943;41;6466|1954;47;6500|1966;54;6533|1977;62;6566|1988;71;6600|1999;81;6633|2010;91;6666|2022;103;6700|2033;114;6733|2044;125;6766|2055;130;6800|2066;130;6833|2078;130;6866|2089;130;6900|2100;116;6933|2111;103;6966|2122;91;7000|2134;81;7033|2145;71;7066|2156;62;7100|2167;54;7133|2178;47;7166|2190;41;7200|2201;36;7233|2212;32;7266|2223;29;7300|2234;27;7333|2246;25;7366|2257;25;7400|2268;26;7433|2279;28;7466|2290;30;7500|2302;34;7533|2313;38;7566|2324;44;7600|2335;50;7633|2346;58;7666|2358;66;7700|2369;76;7733|2380;86;7766|2391;97;7800|2402;108;7833|2414;119;7866|2425;131;7900|2436;142;7933|2447;153;7966|2443;152;8000|2430;138;8033|2418;126;8066|2405;115;8100|2392;105;8133|2380;95;8166|2371;87;8200|2366;79;8233|2363;73;8266|2364;67;8300|2368;63;8333|2375;59;8366|2386;57;8400|2397;55;8433|2408;56;8466|2417;57;8500|2422;60;8533|2425;64;8566|2425;68;8600|2425;74;8633|2425;80;8666|2426;88;8700|2430;96;8733|2437;105;8766|2447;116;8800|2458;127;8833|2470;130;8866|2481;130;8900|2492;116;8933|2503;103;8966|2514;91;9000|2526;81;9033|2537;71;9066|2548;62;9100|2559;54;9133|2570;47;9166|2582;41;9200|2593;36;9233|2604;32;9266|2615;29;9300|2626;27;9333|2638;25;9366|2649;25;9400|2660;26;9433|2671;28;9466|2682;30;9500|2694;34;9533|2705;38;9566|2716;44;9600|2727;50;9633|2738;58;9666|2750;66;9700|2761;76;9733|2772;86;9766|2783;97;9800|2794;108;9833|2806;119;9866|2817;130;9900|2828;123;9933|2839;109;9966|2850;97;10000|2862;86;10033|2873;76;10066|2884;66;10100|2895;58;10133|2906;50;10166|2918;44;10200|2929;38;10233|2940;34;10266|2951;30;10300|2962;28;10333|2974;26;10366|2985;26;10400|2996;27;10433|3007;29;10466|3018;32;10500|3030;36;10533|3041;41;10566|3052;47;10600|3063;54;10633|3074;62;10666|3086;71;10700|3097;81;10733|3108;92;10766|3119;103;10800|3130;114;10833|3142;125;10866|3153;136;10900|3164;148;10933|3175;159;10966|3186;170;11000|3198;181;11033|3209;192;11066|3220;204;11100|3231;215;11133|3242;226;11166|3254;237;11200|3265;248;11233|3276;260;11266|3287;271;11300|3298;282;11333|3310;293;11366|3321;304;11400|3332;316;11433|3343;327;11466|3354;338;11500|3366;349;11533|3377;360;11566|3388;372;11600|3399;383;11633|3410;394;11666|3422;405;11700|3433;416;11733|3444;428;11766|3455;439;11800|3466;450;11833|3478;461;11866|3489;472;11900|3500;484;11933|3511;495;11966|3522;506;12000|3534;517;12033|3545;528;12066|3556;540;12100|3567;551;12133|3578;562;12166|3590;573;12200|3601;584;12233|3612;596;12266|3623;607;12300|3634;603;12333|3646;589;12366|3657;577;12400|3668;566;12433|3679;556;12466|3690;546;12500|3702;542;12533|3713;543;12566|3722;545;12600|3727;549;12633|3730;553;12666|3730;558;12700|3730;564;12733|3730;570;12766|3730;570;12800|3730;563;12833|3730;549;12866|3730;537;12900|3734;526;12933|3742;516;12966|3752;506;13000|3763;498;13033|3774;490;13066|3786;484;13100|3797;485;13133|3807;486;13166|3814;489;13200|3818;492;13233|3819;497;13266|3819;503;13300|3819;509;13333|3819;503;13366|3819;489;13400|3819;477;13433|3819;466;13466|3820;456;13500|3824;446;13533|3831;438;13566|3842;430;13600|3853;424;13633|3863;421;13666|3870;422;13700|3874;425;13733|3875;428;13766|3875;430;13800|3875;430;13833|3875;416;13866|3878;403;13900|3883;391;13933|3892;381;13966|3903;371;14000|3914;362;14033|3926;354;14066|3937;347;14100|3948;341;14133|3959;336;14166|3970;330;14200|3982;330;14233|3993;330;14266|4004;330;14300|4015;330;14333|4026;330;14366|4038;316;14400|4049;303;14433|4060;291;14466|4071;281;14500|4082;271;14533|4094;262;14566|4105;254;14600|4116;247;14633|4127;248;14666|4138;249;14700|4150;252;14733|4161;256;14766|4172;260;14800|4183;266;14833|4194;272;14866|4206;280;14900|4214;288;14933|4220;297;14966|4222;308;15000|4222;319;15033|4222;330;15066|4225;341;15100|4227;347;15133', 1),
(46, 3, 13, NULL, 14096, '30;310;0|30;296;33|34;283;66|42;271;100|52;261;133|63;251;166|74;251;200|86;253;233|97;256;266|108;259;300|110;264;333|103;259;366|93;246;400|86;234;433|82;222;466|81;212;500|83;203;533|89;194;566|98;187;600|109;180;633|120;175;666|130;173;700|130;173;733|130;174;766|118;161;800|109;148;833|103;136;866|101;126;900|102;116;933|106;107;966|113;99;1000|123;92;1033|134;86;1066|146;81;1100|157;77;1133|168;74;1166|179;72;1200|190;70;1233|202;71;1266|210;73;1300|210;75;1333|210;77;1366|210;80;1400|198;66;1433|189;54;1466|183;42;1500|181;31;1533|182;21;1566|186;12;1600|193;5;1633|203;-2;1666|214;-8;1700|226;-13;1733|237;-18;1766|248;-21;1800|259;-23;1833|270;-24;1866|282;-24;1900|293;-24;1933|304;-22;1966|315;-19;2000|326;-16;2033|338;-11;2066|349;-10;2100|360;-10;2133|371;-24;2166|382;-37;2200|394;-49;2233|405;-59;2266|416;-69;2300|427;-78;2333|438;-86;2366|450;-93;2400|461;-99;2433|472;-104;2466|483;-108;2500|494;-111;2533|506;-113;2566|517;-113;2600|528;-111;2633|539;-108;2666|550;-105;2700|562;-100;2733|573;-95;2766|584;-88;2800|595;-81;2833|606;-72;2866|618;-63;2900|629;-53;2933|640;-42;2966|651;-30;3000|662;-19;3033|674;-8;3066|685;3;3100|696;14;3133|707;26;3166|718;37;3200|730;48;3233|741;59;3266|752;70;3300|763;82;3333|774;93;3366|786;104;3400|797;115;3433|808;126;3466|819;123;3500|830;109;3533|842;97;3566|853;86;3600|864;76;3633|875;66;3666|886;58;3700|898;50;3733|909;44;3766|920;38;3800|931;34;3833|942;30;3866|954;29;3900|965;30;3933|976;32;3966|987;35;4000|998;40;4033|1010;45;4066|1021;51;4100|1032;58;4133|1043;65;4166|1054;74;4200|1066;84;4233|1077;95;4266|1088;106;4300|1099;117;4333|1110;129;4366|1122;140;4400|1133;151;4433|1144;162;4466|1155;170;4500|1166;170;4533|1178;156;4566|1189;143;4600|1200;131;4633|1211;121;4666|1222;111;4700|1234;102;4733|1245;94;4766|1256;87;4800|1267;81;4833|1278;76;4866|1290;72;4900|1301;73;4933|1312;74;4966|1323;77;5000|1334;80;5033|1346;85;5066|1357;91;5100|1368;97;5133|1379;104;5166|1390;113;5200|1402;122;5233|1413;130;5266|1424;130;5300|1435;116;5333|1446;103;5366|1458;91;5400|1469;81;5433|1480;71;5466|1491;62;5500|1502;54;5533|1514;51;5566|1525;52;5600|1536;54;5633|1547;57;5666|1558;61;5700|1570;66;5733|1581;72;5766|1592;79;5800|1603;87;5833|1614;96;5866|1626;106;5900|1637;117;5933|1648;128;5966|1659;130;6000|1670;130;6033|1682;130;6066|1693;123;6100|1704;109;6133|1715;97;6166|1726;86;6200|1738;76;6233|1749;66;6266|1760;58;6300|1771;50;6333|1782;47;6366|1794;48;6400|1805;51;6433|1816;54;6466|1827;58;6500|1838;63;6533|1849;69;6566|1856;76;6600|1860;84;6633|1861;93;6666|1861;102;6700|1863;113;6733|1869;124;6766|1878;130;6800|1889;123;6833|1900;109;6866|1911;97;6900|1922;86;6933|1934;76;6966|1945;66;7000|1956;58;7033|1967;50;7066|1978;44;7100|1990;38;7133|2001;34;7166|2012;30;7200|2023;28;7233|2034;26;7266|2046;25;7300|2057;25;7333|2068;27;7366|2079;29;7400|2090;32;7433|2102;36;7466|2113;41;7500|2124;47;7533|2135;54;7566|2146;62;7600|2158;71;7633|2169;81;7666|2180;91;7700|2191;103;7733|2202;114;7766|2214;125;7800|2225;130;7833|2236;123;7866|2247;109;7900|2258;97;7933|2270;86;7966|2281;76;8000|2292;66;8033|2303;58;8066|2314;50;8100|2326;44;8133|2337;45;8166|2348;46;8200|2359;49;8233|2370;52;8266|2382;57;8300|2393;63;8333|2404;69;8366|2415;76;8400|2426;85;8433|2438;94;8466|2449;105;8500|2460;116;8533|2471;127;8566|2482;130;8600|2494;130;8633|2505;116;8666|2516;103;8700|2527;91;8733|2538;81;8766|2550;71;8800|2561;62;8833|2572;54;8866|2583;47;8900|2594;41;8933|2606;36;8966|2617;32;9000|2628;29;9033|2639;27;9066|2650;25;9100|2662;25;9133|2673;26;9166|2684;28;9200|2695;30;9233|2706;34;9266|2718;38;9300|2729;44;9333|2740;50;9366|2751;58;9400|2762;66;9433|2774;76;9466|2785;86;9500|2796;97;9533|2807;108;9566|2818;119;9600|2830;130;9633|2841;130;9666|2852;123;9700|2863;109;9733|2874;97;9766|2886;86;9800|2897;76;9833|2908;66;9866|2919;58;9900|2930;50;9933|2942;44;9966|2953;38;10000|2964;39;10033|2975;41;10066|2986;43;10100|2998;47;10133|3009;52;10166|3020;57;10200|3031;64;10233|3042;71;10266|3054;79;10300|3065;89;10333|3076;99;10366|3087;110;10400|3098;121;10433|3110;133;10466|3121;144;10500|3132;155;10533|3143;166;10566|3154;177;10600|3166;189;10633|3177;200;10666|3188;211;10700|3199;222;10733|3210;233;10766|3222;245;10800|3233;256;10833|3244;267;10866|3255;278;10900|3266;289;10933|3278;301;10966|3289;312;11000|3300;323;11033|3311;334;11066|3322;345;11100|3334;357;11133|3345;368;11166|3356;379;11200|3367;390;11233|3378;401;11266|3390;413;11300|3401;424;11333|3412;435;11366|3423;446;11400|3434;457;11433|3446;469;11466|3457;480;11500|3468;491;11533|3479;502;11566|3490;513;11600|3502;525;11633|3513;536;11666|3524;547;11700|3535;558;11733|3546;569;11766|3558;581;11800|3569;592;11833|3580;603;11866|3591;610;11900|3602;610;11933|3614;596;11966|3625;583;12000|3636;571;12033|3647;561;12066|3658;551;12100|3670;542;12133|3681;538;12166|3692;539;12200|3703;541;12233|3714;544;12266|3721;549;12300|3725;554;12333|3726;560;12366|3726;567;12400|3726;570;12433|3726;563;12466|3726;549;12500|3726;537;12533|3728;526;12566|3734;516;12600|3742;506;12633|3754;498;12666|3765;490;12700|3776;484;12733|3786;485;12766|3794;486;12800|3798;489;12833|3798;492;12866|3798;497;12900|3798;503;12933|3798;509;12966|3798;510;13000|3798;496;13033|3798;483;13066|3799;471;13100|3803;461;13133|3810;451;13166|3821;442;13200|3832;434;13233|3843;431;13266|3854;430;13300|3861;430;13333|3862;430;13366|3862;430;13400|3862;430;13433|3862;430;13466|3862;430;13500|3862;416;13533|3866;403;13566|3874;391;13600|3884;381;13633|3895;371;13666|3906;362;13700|3918;354;13733|3929;347;13766|3940;341;13800|3951;336;13833|3962;332;13866|3974;330;13900|3985;330;13933|3996;330;13966|4007;330;14000|4018;323;14033|4030;309;14066|4041;297;14100|4052;286;14133|4063;276;14166|4074;266;14200|4086;262;14233|4097;263;14266|4108;265;14300|4119;269;14333|4130;273;14366|4142;278;14400|4153;284;14433|4164;291;14466|4175;299;14500|4186;307;14533|4198;317;14566|4209;328;14600|4220;339;14633|4231;350;14666|4231;350;14683', 1),
(47, 3, 8, NULL, 13664, '30;310;0|30;296;33|34;283;66|42;271;100|52;261;133|63;251;166|74;242;200|86;238;233|97;239;266|108;241;300|110;244;333|110;248;366|98;234;400|89;221;433|83;209;466|81;199;500|82;189;533|86;180;566|93;172;600|103;165;633|114;159;666|126;154;700|130;150;733|130;148;766|130;149;800|130;150;833|118;137;866|109;124;900|103;112;933|101;101;966|102;91;1000|106;83;1033|113;75;1066|123;68;1100|134;62;1133|146;57;1166|157;53;1200|168;49;1233|179;47;1266|190;46;1300|202;46;1333|213;47;1366|224;48;1400|235;50;1433|246;43;1466|258;29;1500|269;17;1533|280;6;1566|291;-4;1600|302;-14;1633|314;-22;1666|325;-30;1700|336;-36;1733|347;-42;1766|358;-46;1800|370;-50;1833|381;-49;1866|392;-47;1900|403;-45;1933|414;-41;1966|426;-37;2000|437;-31;2033|448;-25;2066|459;-17;2100|470;-9;2133|482;1;2166|493;11;2200|504;22;2233|515;33;2266|526;44;2300|538;56;2333|549;67;2366|560;78;2400|571;89;2433|582;90;2466|594;90;2500|605;76;2533|616;63;2566|627;51;2600|638;41;2633|650;41;2666|661;43;2700|672;46;2733|683;49;2766|694;54;2800|706;59;2833|717;66;2866|728;73;2900|739;82;2933|750;91;2966|762;101;3000|773;112;3033|784;124;3066|795;130;3100|806;130;3133|818;116;3166|829;103;3200|840;91;3233|851;81;3266|862;71;3300|874;62;3333|885;54;3366|896;47;3400|907;41;3433|918;36;3466|930;37;3500|941;38;3533|952;41;3566|963;45;3600|974;49;3633|986;55;3666|997;61;3700|1008;69;3733|1019;77;3766|1030;86;3800|1042;97;3833|1053;108;3866|1064;119;3900|1075;130;3933|1086;141;3966|1098;153;4000|1109;164;4033|1120;170;4066|1131;163;4100|1142;149;4133|1154;137;4166|1165;126;4200|1176;116;4233|1187;106;4266|1198;98;4300|1210;90;4333|1221;84;4366|1232;78;4400|1243;74;4433|1254;70;4466|1266;68;4500|1277;66;4533|1288;65;4566|1299;65;4600|1310;67;4633|1322;69;4666|1333;72;4700|1344;76;4733|1355;81;4766|1366;87;4800|1378;94;4833|1389;102;4866|1400;111;4900|1411;121;4933|1422;130;4966|1434;130;5000|1445;130;5033|1456;116;5066|1467;103;5100|1478;91;5133|1490;81;5166|1501;71;5200|1512;62;5233|1523;54;5266|1534;47;5300|1546;41;5333|1557;42;5366|1568;43;5400|1579;46;5433|1590;50;5466|1602;54;5500|1613;60;5533|1624;66;5566|1635;74;5600|1646;82;5633|1658;91;5666|1669;102;5700|1680;113;5733|1691;124;5766|1702;130;5800|1714;130;5833|1725;123;5866|1736;109;5900|1747;97;5933|1758;86;5966|1770;81;6000|1781;82;6033|1792;84;6066|1803;87;6100|1814;91;6133|1826;96;6166|1837;102;6200|1848;109;6233|1859;117;6266|1870;126;6300|1882;123;6333|1893;109;6366|1904;97;6400|1915;86;6433|1926;76;6466|1938;71;6500|1949;72;6533|1960;74;6566|1971;77;6600|1982;82;6633|1994;87;6666|2005;93;6700|2016;100;6733|2027;107;6766|2038;116;6800|2050;126;6833|2061;123;6866|2072;109;6900|2083;97;6933|2094;86;6966|2106;81;7000|2117;82;7033|2128;84;7066|2139;87;7100|2150;91;7133|2162;96;7166|2173;102;7200|2184;109;7233|2195;117;7266|2206;126;7300|2218;130;7333|2229;123;7366|2240;109;7400|2251;97;7433|2262;86;7466|2274;76;7500|2285;66;7533|2296;58;7566|2307;50;7600|2318;44;7633|2330;38;7666|2341;39;7700|2352;41;7733|2363;43;7766|2374;47;7800|2386;52;7833|2397;57;7866|2408;64;7900|2419;71;7933|2430;79;7966|2442;89;8000|2453;99;8033|2464;110;8066|2475;121;8100|2486;130;8133|2498;130;8166|2509;130;8200|2520;130;8233|2531;116;8266|2542;103;8300|2554;91;8333|2565;92;8366|2576;94;8400|2587;96;8433|2598;100;8466|2610;105;8500|2621;110;8533|2632;117;8566|2643;124;8600|2654;130;8633|2666;130;8666|2677;116;8700|2688;103;8733|2699;91;8766|2710;81;8800|2722;71;8833|2733;62;8866|2744;54;8900|2755;47;8933|2766;41;8966|2778;36;9000|2789;32;9033|2800;29;9066|2811;27;9100|2822;25;9133|2834;25;9166|2845;26;9200|2856;28;9233|2867;30;9266|2878;34;9300|2890;38;9333|2901;44;9366|2912;50;9400|2923;58;9433|2934;66;9466|2946;76;9500|2957;86;9533|2968;97;9566|2979;108;9600|2990;119;9633|3002;130;9666|3013;130;9700|3024;130;9733|3035;130;9766|3046;130;9800|3058;130;9833|3069;132;9866|3080;135;9900|3091;138;9933|3102;143;9966|3114;148;10000|3125;155;10033|3136;162;10066|3147;171;10100|3158;180;10133|3170;190;10166|3181;201;10200|3192;213;10233|3203;224;10266|3214;235;10300|3226;246;10333|3237;257;10366|3248;269;10400|3259;280;10433|3270;291;10466|3282;302;10500|3293;313;10533|3304;325;10566|3315;336;10600|3326;347;10633|3338;358;10666|3349;369;10700|3360;381;10733|3371;392;10766|3382;403;10800|3394;414;10833|3405;425;10866|3416;437;10900|3427;448;10933|3438;459;10966|3450;470;11000|3461;481;11033|3472;493;11066|3483;504;11100|3494;515;11133|3506;526;11166|3517;537;11200|3528;549;11233|3539;560;11266|3550;571;11300|3562;582;11333|3573;593;11366|3584;605;11400|3595;610;11433|3606;610;11466|3618;603;11500|3629;589;11533|3640;577;11566|3651;566;11600|3662;556;11633|3674;551;11666|3685;552;11700|3696;554;11733|3707;557;11766|3718;562;11800|3730;567;11833|3741;570;11866|3752;556;11900|3763;543;11933|3774;531;11966|3786;521;12000|3795;511;12033|3806;502;12066|3818;498;12100|3828;499;12133|3835;501;12166|3839;504;12200|3840;509;12233|3840;510;12266|3840;510;12300|3840;510;12333|3840;510;12366|3839;510;12400|3835;510;12433|3828;496;12466|3822;483;12500|3820;471;12533|3821;461;12566|3825;451;12600|3832;442;12633|3842;434;12666|3853;430;12700|3858;430;12733|3858;430;12766|3858;430;12800|3858;430;12833|3858;430;12866|3858;430;12900|3860;416;12933|3866;403;12966|3874;391;13000|3886;381;13033|3897;371;13066|3908;362;13100|3919;354;13133|3930;347;13166|3942;341;13200|3953;336;13233|3964;332;13266|3975;330;13300|3986;330;13333|3998;330;13366|4009;330;13400|4020;323;13433|4031;309;13466|4042;297;13500|4054;286;13533|4065;276;13566|4076;266;13600|4087;258;13633|4098;250;13666|4110;244;13700|4121;241;13733|4132;242;13766|4143;245;13800|4154;248;13833|4166;252;13866|4177;257;13900|4188;263;13933|4197;270;13966|4202;278;14000|4210;287;14033|4218;296;14066|4224;307;14100|4231;318;14133|4242;330;14166|4250;341;14200|4254;346;14233', 1),
(48, 3, 12, NULL, 13888, '30;310;0|30;296;33|34;283;66|42;271;100|52;261;133|63;251;166|74;246;200|86;248;233|97;250;266|108;253;300|110;257;333|110;261;366|98;247;400|89;235;433|83;223;466|81;212;500|82;202;533|86;193;566|93;185;600|103;178;633|114;172;666|126;167;700|130;166;733|130;166;766|130;167;800|123;161;833|113;148;866|106;136;900|102;124;933|101;114;966|103;105;1000|109;96;1033|118;89;1066|129;82;1100|140;77;1133|151;72;1166|162;69;1200|174;66;1233|185;64;1266|196;65;1300|207;67;1333|210;69;1366|210;72;1400|203;66;1433|193;53;1466|186;41;1500|182;30;1533|181;19;1566|183;10;1600|189;2;1633|198;-6;1666|209;-12;1700|220;-18;1733|231;-22;1766|242;-26;1800|254;-29;1833|265;-30;1866|276;-31;1900|287;-31;1933|298;-30;1966|310;-27;2000|321;-24;2033|332;-20;2066|343;-15;2100|354;-10;2133|366;-10;2166|377;-10;2200|388;-8;2233|399;-5;2266|410;-2;2300|422;3;2333|433;8;2366|444;15;2400|455;22;2433|466;30;2466|478;30;2500|489;16;2533|500;3;2566|511;-9;2600|522;-19;2633|534;-24;2666|545;-23;2700|556;-21;2733|567;-18;2766|578;-14;2800|590;-9;2833|601;-3;2866|612;4;2900|623;12;2933|634;21;2966|646;31;3000|657;42;3033|668;53;3066|679;64;3100|690;75;3133|702;87;3166|713;98;3200|724;109;3233|735;120;3266|746;130;3300|758;130;3333|769;130;3366|780;130;3400|791;130;3433|802;130;3466|814;123;3500|825;109;3533|836;97;3566|847;86;3600|858;76;3633|870;66;3666|881;58;3700|892;50;3733|903;44;3766|914;38;3800|926;34;3833|937;32;3866|948;33;3900|959;35;3933|970;39;3966|982;43;4000|993;48;4033|1004;54;4066|1015;61;4100|1026;69;4133|1038;77;4166|1049;87;4200|1060;98;4233|1071;109;4266|1082;120;4300|1094;132;4333|1105;143;4366|1116;154;4400|1127;165;4433|1138;170;4466|1150;170;4500|1161;170;4533|1172;163;4566|1183;149;4600|1194;137;4633|1206;126;4666|1217;116;4700|1228;106;4733|1239;98;4766|1250;90;4800|1262;84;4833|1273;78;4866|1284;74;4900|1295;70;4933|1306;68;4966|1318;67;5000|1329;68;5033|1340;70;5066|1351;73;5100|1362;77;5133|1374;82;5166|1385;88;5200|1396;95;5233|1407;103;5266|1418;112;5300|1430;122;5333|1441;130;5366|1452;130;5400|1463;116;5433|1474;103;5466|1486;91;5500|1497;81;5533|1508;71;5566|1519;62;5600|1530;54;5633|1542;51;5666|1553;52;5700|1564;54;5733|1575;57;5766|1586;61;5800|1598;66;5833|1609;72;5866|1620;79;5900|1631;87;5933|1642;96;5966|1654;106;6000|1665;117;6033|1676;128;6066|1687;130;6100|1698;130;6133|1710;123;6166|1721;109;6200|1732;97;6233|1743;98;6266|1754;100;6300|1766;102;6333|1777;106;6366|1788;110;6400|1799;116;6433|1810;122;6466|1822;130;6500|1833;130;6533|1844;130;6566|1855;130;6600|1866;130;6633|1878;116;6666|1889;103;6700|1900;91;6733|1911;81;6766|1922;71;6800|1934;62;6833|1945;54;6866|1956;51;6900|1967;52;6933|1978;54;6966|1990;57;7000|2001;61;7033|2012;66;7066|2023;72;7100|2034;79;7133|2046;87;7166|2057;96;7200|2068;106;7233|2079;117;7266|2090;128;7300|2102;130;7333|2113;130;7366|2124;116;7400|2135;103;7433|2146;91;7466|2158;81;7500|2169;71;7533|2180;62;7566|2191;54;7600|2202;47;7633|2214;41;7666|2225;36;7700|2236;32;7733|2247;29;7766|2258;27;7800|2270;25;7833|2281;25;7866|2292;26;7900|2303;28;7933|2314;30;7966|2326;34;8000|2337;38;8033|2348;44;8066|2359;50;8100|2370;58;8133|2382;66;8166|2393;76;8200|2404;86;8233|2415;97;8266|2426;108;8300|2438;119;8333|2449;131;8366|2460;130;8400|2471;130;8433|2482;116;8466|2494;103;8500|2505;91;8533|2516;81;8566|2527;71;8600|2538;62;8633|2550;54;8666|2561;47;8700|2572;41;8733|2583;36;8766|2594;32;8800|2606;29;8833|2617;27;8866|2628;25;8900|2639;25;8933|2650;26;8966|2662;28;9000|2673;30;9033|2684;34;9066|2695;38;9100|2706;44;9133|2718;50;9166|2729;58;9200|2740;66;9233|2751;76;9266|2762;86;9300|2774;97;9333|2785;108;9366|2796;119;9400|2807;130;9433|2818;130;9466|2830;123;9500|2841;109;9533|2852;97;9566|2863;86;9600|2874;76;9633|2886;66;9666|2897;58;9700|2908;50;9733|2919;47;9766|2930;48;9800|2942;51;9833|2953;54;9866|2964;58;9900|2975;63;9933|2986;69;9966|2998;76;10000|3009;84;10033|3020;93;10066|3031;102;10100|3042;113;10133|3054;124;10166|3065;136;10200|3076;147;10233|3087;158;10266|3098;169;10300|3110;180;10333|3121;192;10366|3132;203;10400|3143;214;10433|3154;225;10466|3166;236;10500|3177;248;10533|3188;259;10566|3199;270;10600|3210;281;10633|3222;292;10666|3233;304;10700|3244;315;10733|3255;326;10766|3266;337;10800|3278;348;10833|3289;360;10866|3300;371;10900|3311;382;10933|3322;393;10966|3334;404;11000|3345;416;11033|3356;427;11066|3367;438;11100|3378;449;11133|3390;460;11166|3401;472;11200|3412;483;11233|3423;494;11266|3434;505;11300|3446;516;11333|3457;528;11366|3468;539;11400|3479;550;11433|3490;550;11466|3502;543;11500|3513;529;11533|3524;517;11566|3535;506;11600|3546;496;11633|3558;486;11666|3569;482;11700|3580;483;11733|3591;485;11766|3602;489;11800|3614;493;11833|3625;498;11866|3636;504;11900|3647;511;11933|3658;519;11966|3670;527;12000|3681;537;12033|3692;548;12066|3703;559;12100|3714;570;12133|3726;570;12166|3737;556;12200|3748;543;12233|3759;531;12266|3770;521;12300|3782;511;12333|3793;502;12366|3804;494;12400|3814;495;12433|3822;496;12466|3826;499;12500|3826;503;12533|3826;507;12566|3826;510;12600|3826;510;12633|3826;510;12666|3824;496;12700|3818;483;12733|3810;471;12766|3798;461;12800|3788;451;12833|3781;442;12866|3777;434;12900|3776;427;12933|3778;421;12966|3784;416;13000|3793;412;13033|3804;413;13066|3815;414;13100|3826;417;13133|3838;420;13166|3849;425;13200|3860;430;13233|3871;430;13266|3882;416;13300|3894;403;13333|3905;391;13366|3916;381;13400|3927;371;13433|3938;362;13466|3950;354;13500|3961;347;13533|3970;341;13566|3975;336;13600|3986;330;13633|3998;323;13666|4009;309;13700|4020;297;13733|4031;286;13766|4042;276;13800|4054;266;13833|4065;258;13866|4076;250;13900|4087;244;13933|4098;241;13966|4110;242;14000|4121;245;14033|4132;248;14066|4143;252;14100|4154;257;14133|4166;263;14166|4177;270;14200|4188;278;14233|4199;287;14266|4210;296;14300|4222;307;14333|4233;318;14366|4243;330;14400|4250;341;14433|4253;346;14466', 1),
(49, 3, 1, NULL, 15760, '30;310;0|30;296;33|32;283;66|38;271;100|46;261;133|58;251;166|69;242;200|80;243;233|91;244;266|102;247;300|110;250;333|103;246;366|93;232;400|86;220;433|82;209;466|81;198;500|83;189;533|89;181;566|98;173;600|109;167;633|120;161;666|130;157;700|130;155;733|130;156;766|130;157;800|123;150;833|113;137;866|106;125;900|102;114;933|101;103;966|103;94;1000|109;86;1033|118;78;1066|129;72;1100|140;66;1133|151;62;1166|162;62;1200|174;64;1233|185;67;1266|196;70;1300|207;75;1333|210;80;1366|198;66;1400|189;54;1433|183;42;1466|181;31;1500|182;21;1533|186;12;1566|193;4;1600|203;-3;1633|214;-9;1666|226;-14;1700|237;-18;1733|248;-21;1766|259;-23;1800|270;-24;1833|282;-24;1866|293;-24;1900|304;-22;1933|315;-19;1966|326;-16;2000|338;-11;2033|349;-10;2066|360;-10;2100|371;-10;2133|382;-9;2166|394;-7;2200|405;-4;2233|416;0;2266|427;5;2300|438;11;2333|450;18;2366|461;26;2400|472;30;2433|483;30;2466|494;30;2500|506;30;2533|517;30;2566|528;32;2600|538;35;2633|546;38;2666|550;43;2700|550;48;2733|550;55;2766|550;62;2800|550;71;2833|550;80;2866|550;90;2900|550;90;2933|553;76;2966|558;63;3000|567;51;3033|578;41;3066|590;31;3100|601;22;3133|612;14;3166|623;7;3200|634;1;3233|646;-4;3266|657;-3;3300|668;-2;3333|679;1;3366|690;5;3400|702;9;3433|713;15;3466|724;21;3500|735;29;3533|746;37;3566|757;46;3600|764;57;3633|770;68;3666|778;79;3700|790;90;3733|801;101;3766|812;113;3800|822;124;3833|830;135;3866|834;146;3900|836;157;3933|842;169;3966|850;180;4000|862;191;4033|873;202;4066|884;213;4100|895;225;4133|906;236;4166|918;247;4200|929;258;4233|940;269;4266|951;270;4300|962;270;4333|974;270;4366|985;263;4400|996;249;4433|1007;237;4466|1018;226;4500|1030;216;4533|1041;206;4566|1052;198;4600|1063;190;4633|1074;191;4666|1086;193;4700|1090;195;4733|1090;198;4766|1083;193;4800|1073;179;4833|1066;167;4866|1062;156;4900|1061;146;4933|1063;136;4966|1069;128;5000|1078;120;5033|1089;121;5066|1100;123;5100|1111;125;5133|1120;129;5166|1126;134;5200|1128;139;5233|1128;146;5266|1128;153;5300|1128;161;5333|1128;170;5366|1129;163;5400|1133;149;5433|1140;137;5466|1150;126;5500|1162;116;5533|1173;106;5566|1184;98;5600|1195;90;5633|1206;84;5666|1218;78;5700|1229;74;5733|1240;70;5766|1251;68;5800|1262;66;5833|1274;65;5866|1285;65;5900|1296;67;5933|1307;69;5966|1318;72;6000|1330;76;6033|1341;81;6066|1352;87;6100|1363;94;6133|1374;102;6166|1386;111;6200|1397;121;6233|1408;130;6266|1419;130;6300|1430;123;6333|1442;109;6366|1453;97;6400|1464;86;6433|1475;76;6466|1486;66;6500|1498;58;6533|1509;50;6566|1520;44;6600|1531;38;6633|1542;34;6666|1554;30;6700|1565;28;6733|1576;26;6766|1587;25;6800|1598;25;6833|1610;27;6866|1621;29;6900|1632;32;6933|1643;36;6966|1654;41;7000|1666;47;7033|1677;54;7066|1688;62;7100|1699;71;7133|1710;81;7166|1722;91;7200|1733;103;7233|1744;114;7266|1755;125;7300|1766;130;7333|1778;123;7366|1789;109;7400|1800;97;7433|1811;86;7466|1822;76;7500|1834;66;7533|1845;58;7566|1856;50;7600|1867;44;7633|1878;38;7666|1890;34;7700|1901;30;7733|1912;28;7766|1923;26;7800|1934;25;7833|1946;26;7866|1957;28;7900|1968;30;7933|1979;34;7966|1990;38;8000|2002;44;8033|2013;50;8066|2024;58;8100|2035;66;8133|2046;76;8166|2058;86;8200|2069;97;8233|2080;108;8266|2091;119;8300|2102;130;8333|2114;130;8366|2125;130;8400|2136;116;8433|2147;103;8466|2158;91;8500|2170;81;8533|2181;71;8566|2192;62;8600|2203;54;8633|2214;47;8666|2226;41;8700|2237;42;8733|2248;43;8766|2259;46;8800|2270;50;8833|2282;54;8866|2293;60;8900|2304;66;8933|2313;74;8966|2318;82;9000|2321;91;9033|2322;102;9066|2326;113;9100|2333;124;9133|2343;130;9166|2354;130;9200|2366;130;9233|2377;116;9266|2388;103;9300|2399;91;9333|2410;81;9366|2422;71;9400|2433;62;9433|2444;54;9466|2455;47;9500|2466;41;9533|2478;36;9566|2489;32;9600|2500;29;9633|2511;27;9666|2522;25;9700|2534;25;9733|2545;26;9766|2556;28;9800|2567;30;9833|2578;34;9866|2590;38;9900|2601;44;9933|2612;50;9966|2623;58;10000|2634;66;10033|2646;76;10066|2657;86;10100|2668;97;10133|2679;108;10166|2690;119;10200|2702;130;10233|2713;130;10266|2724;131;10300|2735;133;10333|2746;136;10366|2758;130;10400|2769;130;10433|2780;130;10466|2791;130;10500|2802;130;10533|2814;130;10566|2825;130;10600|2836;130;10633|2847;130;10666|2858;130;10700|2870;130;10733|2881;131;10766|2892;133;10800|2903;136;10833|2914;140;10866|2926;145;10900|2937;151;10933|2948;158;10966|2959;166;11000|2970;175;11033|2970;180;11066|2981;185;11100|2992;190;11133|3003;190;11166|3014;190;11200|3026;190;11233|3037;190;11266|3048;190;11300|3059;190;11333|3070;190;11366|3082;191;11400|3093;193;11433|3104;196;11466|3115;200;11500|3126;205;11533|3138;211;11566|3149;218;11600|3160;226;11633|3171;235;11666|3182;245;11700|3194;256;11733|3205;267;11766|3216;278;11800|3227;289;11833|3238;301;11866|3250;312;11900|3261;323;11933|3272;334;11966|3283;345;12000|3294;357;12033|3306;368;12066|3317;379;12100|3328;390;12133|3339;401;12166|3350;413;12200|3362;424;12233|3373;435;12266|3384;446;12300|3395;457;12333|3406;469;12366|3418;480;12400|3429;491;12433|3440;502;12466|3451;513;12500|3462;525;12533|3474;536;12566|3485;547;12600|3496;550;12633|3507;543;12666|3518;529;12700|3530;517;12733|3541;506;12766|3552;496;12800|3563;486;12833|3574;478;12866|3586;470;12900|3597;464;12933|3608;458;12966|3619;456;13000|3630;457;13033|3642;460;13066|3653;463;13100|3664;467;13133|3675;472;13166|3686;478;13200|3695;485;13233|3701;493;13266|3703;502;13300|3703;511;13333|3703;522;13366|3703;533;13400|3703;545;13433|3703;556;13466|3703;567;13500|3703;570;13533|3704;556;13566|3708;543;13600|3715;531;13633|3726;521;13666|3737;511;13700|3748;502;13733|3759;494;13766|3770;487;13800|3782;481;13833|3793;476;13866|3804;474;13900|3814;475;13933|3822;477;13966|3826;480;14000|3826;485;14033|3826;490;14066|3826;496;14100|3826;503;14133|3826;510;14166|3826;503;14200|3826;489;14233|3826;477;14266|3826;466;14300|3826;456;14333|3829;446;14366|3834;438;14400|3843;430;14433|3854;424;14466|3866;425;14500|3874;426;14533|3880;429;14566|3882;430;14600|3882;430;14633|3882;430;14666|3882;430;14700|3882;416;14733|3882;403;14766|3884;391;14800|3890;381;14833|3898;371;14866|3910;362;14900|3921;354;14933|3932;347;14966|3943;341;15000|3954;336;15033|3966;334;15066|3977;330;15100|3988;330;15133|3999;330;15166|4010;330;15200|4020;330;15233|4023;330;15266|4023;330;15300|4023;330;15333|4023;323;15366|4024;309;15400|4028;297;15433|4035;286;15466|4046;276;15500|4057;266;15533|4068;258;15566|4079;250;15600|4090;244;15633|4102;238;15666|4113;234;15700|4124;230;15733|4135;228;15766|4146;226;15800|4158;225;15833|4169;225;15866|4179;227;15900|4186;229;15933|4190;232;15966|4191;236;16000|4191;241;16033|4191;247;16066|4194;254;16100|4199;262;16133|4208;271;16166|4218;281;16200|4226;291;16233|4230;303;16266|4230;314;16300|4230;325;16333|4230;336;16366|4230;347;16400|4230;347;16416', 1),
(50, 3, 4, NULL, 14128, '30;310;0|30;296;33|32;283;66|38;271;100|46;261;133|58;251;166|69;242;200|80;238;233|91;239;266|102;241;300|110;244;333|103;239;366|93;226;400|86;214;433|82;203;466|81;192;500|83;183;533|89;174;566|98;167;600|109;161;633|120;155;666|130;153;700|130;154;733|130;155;766|130;156;800|118;142;833|109;130;866|103;118;900|101;107;933|102;97;966|106;88;1000|113;80;1033|123;73;1066|134;67;1100|146;62;1133|157;58;1166|168;55;1200|179;53;1233|190;52;1266|202;53;1300|213;50;1333|224;50;1366|235;50;1400|246;36;1433|258;23;1466|269;11;1500|280;1;1533|291;-9;1566|302;-18;1600|314;-26;1633|325;-33;1666|336;-39;1700|347;-38;1733|358;-37;1766|370;-34;1800|381;-30;1833|392;-26;1866|403;-20;1900|412;-14;1933|418;-6;1966|420;2;2000|421;11;2033|425;22;2066|432;30;2100|442;30;2133|454;30;2166|465;23;2200|476;9;2233|487;-3;2266|498;-14;2300|510;-24;2333|521;-34;2366|532;-33;2400|543;-31;2433|554;-29;2466|566;-25;2500|577;-21;2533|588;-15;2566|599;-9;2600|610;-1;2633|622;7;2666|633;17;2700|644;27;2733|655;38;2766|666;49;2800|678;60;2833|689;72;2866|700;83;2900|711;94;2933|722;105;2966|734;116;3000|745;128;3033|756;130;3066|767;130;3100|778;130;3133|790;130;3166|801;130;3200|812;123;3233|823;109;3266|834;97;3300|846;86;3333|857;76;3366|868;66;3400|879;58;3433|890;50;3466|902;44;3500|913;38;3533|924;34;3566|935;30;3600|946;29;3633|958;30;3666|969;32;3700|980;35;3733|991;40;3766|1002;45;3800|1014;51;3833|1025;58;3866|1036;65;3900|1047;74;3933|1058;84;3966|1070;95;4000|1081;106;4033|1092;117;4066|1103;129;4100|1114;140;4133|1126;151;4166|1137;162;4200|1148;170;4233|1159;170;4266|1170;156;4300|1182;143;4333|1193;131;4366|1204;121;4400|1215;111;4433|1226;102;4466|1238;94;4500|1249;87;4533|1260;81;4566|1271;76;4600|1282;72;4633|1294;69;4666|1305;67;4700|1316;65;4733|1327;65;4766|1338;66;4800|1350;68;4833|1361;70;4866|1372;74;4900|1383;78;4933|1394;84;4966|1406;90;5000|1417;98;5033|1428;106;5066|1439;116;5100|1450;126;5133|1462;123;5166|1473;109;5200|1484;97;5233|1495;86;5266|1506;76;5300|1518;66;5333|1529;62;5366|1540;63;5400|1551;65;5433|1562;69;5466|1574;73;5500|1585;78;5533|1596;84;5566|1607;91;5600|1618;99;5633|1630;107;5666|1641;117;5700|1652;128;5733|1663;130;5766|1674;130;5800|1686;123;5833|1697;109;5866|1708;97;5900|1719;86;5933|1730;76;5966|1742;71;6000|1753;72;6033|1764;74;6066|1775;77;6100|1786;82;6133|1798;87;6166|1809;93;6200|1820;100;6233|1831;107;6266|1842;116;6300|1854;126;6333|1865;130;6366|1876;130;6400|1887;123;6433|1898;109;6466|1910;97;6500|1921;86;6533|1932;81;6566|1943;82;6600|1954;84;6633|1966;87;6666|1977;91;6700|1988;96;6733|1999;102;6766|2010;109;6800|2022;117;6833|2033;126;6866|2044;130;6900|2055;130;6933|2066;130;6966|2078;123;7000|2089;109;7033|2100;97;7066|2111;86;7100|2122;76;7133|2134;66;7166|2145;58;7200|2156;50;7233|2167;44;7266|2178;38;7300|2190;34;7333|2201;30;7366|2212;28;7400|2223;28;7433|2234;30;7466|2246;33;7500|2257;36;7533|2268;41;7566|2279;46;7600|2290;53;7633|2297;60;7666|2301;69;7700|2302;78;7733|2304;88;7766|2310;99;7800|2318;111;7833|2330;122;7866|2341;130;7900|2352;130;7933|2363;123;7966|2374;109;8000|2386;97;8033|2397;86;8066|2408;76;8100|2419;66;8133|2430;58;8166|2442;50;8200|2453;44;8233|2464;38;8266|2475;36;8300|2486;37;8333|2498;40;8366|2509;43;8400|2520;47;8433|2531;52;8466|2542;58;8500|2554;65;8533|2565;73;8566|2576;82;8600|2587;91;8633|2598;102;8666|2610;113;8700|2621;125;8733|2632;130;8766|2643;130;8800|2654;130;8833|2666;116;8866|2677;103;8900|2688;91;8933|2699;81;8966|2710;71;9000|2722;62;9033|2733;54;9066|2744;47;9100|2755;41;9133|2766;36;9166|2778;32;9200|2789;29;9233|2800;27;9266|2811;25;9300|2822;25;9333|2834;26;9366|2845;28;9400|2856;30;9433|2867;34;9466|2878;38;9500|2890;44;9533|2901;50;9566|2912;58;9600|2923;66;9633|2934;76;9666|2946;86;9700|2957;97;9733|2968;108;9766|2979;119;9800|2990;130;9833|3002;130;9866|3013;116;9900|3024;103;9933|3035;97;9966|3046;99;10000|3058;101;10033|3069;104;10066|3080;108;10100|3091;113;10133|3102;119;10166|3114;126;10200|3125;134;10233|3136;143;10266|3147;153;10300|3158;163;10333|3170;175;10366|3181;186;10400|3192;197;10433|3203;208;10466|3214;219;10500|3226;231;10533|3237;242;10566|3248;253;10600|3259;264;10633|3270;275;10666|3282;287;10700|3293;298;10733|3304;309;10766|3315;320;10800|3326;331;10833|3338;343;10866|3349;354;10900|3360;365;10933|3371;376;10966|3382;387;11000|3394;399;11033|3405;410;11066|3416;421;11100|3427;432;11133|3438;443;11166|3450;455;11200|3461;466;11233|3472;477;11266|3483;488;11300|3494;499;11333|3506;511;11366|3517;522;11400|3528;533;11433|3539;544;11466|3550;555;11500|3562;567;11533|3573;578;11566|3584;589;11600|3595;600;11633|3606;610;11666|3618;596;11700|3629;583;11733|3640;571;11766|3651;561;11800|3662;551;11833|3674;551;11866|3685;553;11900|3696;556;11933|3706;559;11966|3714;564;12000|3718;569;12033|3718;570;12066|3718;563;12100|3718;549;12133|3721;537;12166|3726;526;12200|3735;516;12233|3746;506;12266|3758;498;12300|3769;490;12333|3780;484;12366|3791;478;12400|3802;479;12433|3813;481;12466|3820;483;12500|3824;487;12533|3825;492;12566|3825;497;12600|3825;504;12633|3825;510;12666|3825;503;12700|3825;489;12733|3825;477;12766|3825;466;12800|3825;456;12833|3825;446;12866|3827;438;12900|3833;430;12933|3842;424;12966|3853;421;13000|3863;422;13033|3870;425;13066|3874;428;13100|3875;430;13133|3875;430;13166|3875;430;13200|3875;416;13233|3876;403;13266|3880;391;13300|3887;381;13333|3898;371;13366|3909;362;13400|3920;354;13433|3931;347;13466|3942;341;13500|3954;342;13533|3965;343;13566|3970;346;13600|3970;349;13633|3970;352;13666|3958;338;13700|3949;325;13733|3943;314;13766|3941;303;13800|3942;293;13833|3946;284;13866|3953;276;13900|3963;269;13933|3974;263;13966|3986;258;14000|3997;254;14033|4008;251;14066|4019;249;14100|4030;248;14133|4042;247;14166|4053;248;14200|4064;250;14233|4075;252;14266|4086;256;14300|4098;261;14333|4109;266;14366|4120;273;14400|4131;280;14433|4142;288;14466|4154;298;14500|4165;308;14533|4176;319;14566|4187;330;14600|4198;342;14633|4210;353;14666|4221;364;14700|4221;364;14716', 1),
(51, 3, 14, NULL, 17968, '30;310;0|30;296;33|34;283;66|42;271;100|52;261;133|63;251;166|74;242;200|86;238;233|97;239;266|108;241;300|110;244;333|110;248;366|110;251;400|110;255;433|110;259;466|110;264;500|98;250;533|89;238;566|83;226;600|81;215;633|82;205;666|86;196;700|93;188;733|103;181;766|114;175;800|126;173;833|130;174;866|130;175;900|130;177;933|123;171;966|113;158;1000|106;146;1033|102;134;1066|101;124;1100|103;115;1133|109;111;1166|118;112;1200|129;114;1233|140;110;1266|146;110;1300|147;110;1333|147;110;1366|147;110;1400|147;110;1433|147;110;1466|147;110;1500|147;110;1533|147;103;1566|148;89;1600|152;77;1633|159;66;1666|170;56;1700|181;46;1733|192;38;1766|203;30;1800|214;27;1833|225;28;1866|232;31;1900|236;34;1933|237;38;1966|237;43;2000|237;49;2033|237;50;2066|237;50;2100|237;50;2133|238;36;2166|242;23;2200|249;11;2233|259;1;2266|270;-9;2300|282;-18;2333|293;-26;2366|304;-33;2400|315;-39;2433|326;-44;2466|338;-48;2500|349;-51;2533|360;-52;2566|371;-51;2600|382;-49;2633|393;-46;2666|400;-42;2700|404;-37;2733|405;-31;2766|405;-24;2800|406;-16;2833|410;-7;2866|417;3;2900|427;14;2933|438;25;2966|450;30;3000|461;30;3033|472;30;3066|483;16;3100|494;3;3133|506;-9;3166|517;-19;3200|528;-29;3233|539;-38;3266|550;-46;3300|562;-49;3333|573;-48;3366|584;-46;3400|595;-43;3433|606;-39;3466|618;-34;3500|629;-28;3533|640;-21;3566|651;-13;3600|662;-4;3633|674;6;3666|685;17;3700|696;28;3733|707;39;3766|718;50;3800|730;61;3833|741;73;3866|752;84;3900|763;95;3933|774;106;3966|786;117;4000|797;129;4033|808;130;4066|819;116;4100|830;103;4133|842;91;4166|853;81;4200|864;71;4233|875;62;4266|886;54;4300|898;47;4333|909;41;4366|920;36;4400|931;32;4433|942;29;4466|954;27;4500|965;25;4533|976;25;4566|987;26;4600|998;28;4633|1010;30;4666|1021;34;4700|1032;38;4733|1043;44;4766|1054;50;4800|1066;58;4833|1077;66;4866|1088;76;4900|1099;86;4933|1110;97;4966|1122;108;5000|1133;119;5033|1144;131;5066|1155;142;5100|1166;153;5133|1178;164;5166|1189;170;5200|1200;156;5233|1210;143;5266|1215;131;5300|1226;121;5333|1238;111;5366|1249;102;5400|1260;94;5433|1271;87;5466|1282;81;5500|1294;76;5533|1305;72;5566|1316;69;5600|1327;69;5633|1338;71;5666|1350;74;5700|1361;77;5733|1372;82;5766|1383;87;5800|1394;94;5833|1406;101;5866|1417;110;5900|1428;119;5933|1439;129;5966|1450;123;6000|1462;109;6033|1473;97;6066|1484;86;6100|1495;76;6133|1506;66;6166|1518;58;6200|1529;50;6233|1540;44;6266|1551;38;6300|1562;36;6333|1574;37;6366|1585;40;6400|1596;43;6433|1607;47;6466|1618;52;6500|1630;58;6533|1641;65;6566|1652;73;6600|1663;82;6633|1674;91;6666|1686;102;6700|1697;113;6733|1708;125;6766|1719;130;6800|1730;116;6833|1742;103;6866|1753;91;6900|1764;86;6933|1775;87;6966|1786;89;7000|1798;93;7033|1809;97;7066|1820;102;7100|1831;108;7133|1842;115;7166|1854;123;7200|1865;130;7233|1876;116;7266|1887;103;7300|1898;91;7333|1910;81;7366|1921;71;7400|1932;71;7433|1943;73;7466|1954;76;7500|1966;79;7533|1977;84;7566|1988;89;7600|1999;96;7633|2010;103;7666|2022;112;7700|2033;121;7733|2044;130;7766|2055;130;7800|2066;130;7833|2078;116;7866|2089;103;7900|2100;91;7933|2111;81;7966|2122;71;8000|2134;62;8033|2145;63;8066|2156;64;8100|2167;67;8133|2178;70;8166|2190;75;8200|2201;81;8233|2212;87;8266|2222;94;8300|2230;103;8333|2234;112;8366|2234;123;8400|2234;130;8433|2234;130;8466|2234;130;8500|2234;130;8533|2234;130;8566|2234;116;8600|2237;103;8633|2242;91;8666|2251;81;8700|2262;71;8733|2274;62;8766|2285;63;8800|2296;64;8833|2307;67;8866|2318;70;8900|2327;75;8933|2333;81;8966|2335;87;9000|2335;94;9033|2335;103;9066|2336;112;9100|2340;123;9133|2347;130;9166|2358;130;9200|2364;130;9233|2365;130;9266|2366;123;9300|2370;109;9333|2377;97;9366|2387;86;9400|2398;76;9433|2410;66;9466|2421;58;9500|2432;58;9533|2443;60;9566|2452;63;9600|2458;66;9633|2460;71;9666|2460;76;9700|2460;83;9733|2460;90;9766|2460;99;9800|2460;108;9833|2460;118;9866|2460;130;9900|2461;123;9933|2465;109;9966|2472;97;10000|2482;86;10033|2494;76;10066|2505;66;10100|2516;58;10133|2527;50;10166|2538;44;10200|2550;38;10233|2561;36;10266|2572;37;10300|2583;40;10333|2594;43;10366|2605;47;10400|2612;52;10433|2616;58;10466|2617;65;10500|2617;73;10533|2617;82;10566|2617;91;10600|2617;102;10633|2619;113;10666|2625;125;10700|2634;130;10733|2645;116;10766|2656;103;10800|2667;91;10833|2678;81;10866|2690;71;10900|2701;62;10933|2712;54;10966|2723;47;11000|2734;41;11033|2746;42;11066|2757;43;11100|2767;46;11133|2774;50;11166|2778;54;11200|2779;60;11233|2779;66;11266|2779;74;11300|2779;82;11333|2779;91;11366|2780;102;11400|2784;113;11433|2791;124;11466|2802;130;11500|2813;130;11533|2824;116;11566|2835;103;11600|2846;91;11633|2858;81;11666|2869;71;11700|2880;62;11733|2891;54;11766|2902;47;11800|2914;41;11833|2925;36;11866|2936;32;11900|2947;29;11933|2958;27;11966|2970;25;12000|2981;25;12033|2992;26;12066|3003;28;12100|3014;30;12133|3026;34;12166|3037;38;12200|3048;44;12233|3058;50;12266|3066;58;12300|3070;66;12333|3070;76;12366|3070;86;12400|3070;97;12433|3070;108;12466|3068;119;12500|3062;131;12533|3054;142;12566|3050;150;12600|3050;155;12633|3050;159;12666|3050;164;12700|3050;169;12733|3050;174;12766|3050;179;12800|3046;183;12833|3040;189;12866|3038;190;12900|3038;190;12933|3038;190;12966|3038;190;13000|3038;190;13033|3041;190;13066|3046;190;13100|3055;190;13133|3066;190;13166|3078;190;13200|3089;192;13233|3100;195;13266|3111;198;13300|3122;203;13333|3134;208;13366|3145;215;13400|3156;222;13433|3167;231;13466|3178;240;13500|3190;250;13533|3201;261;13566|3212;273;13600|3223;284;13633|3234;295;13666|3246;306;13700|3257;317;13733|3268;329;13766|3279;340;13800|3290;351;13833|3302;362;13866|3313;373;13900|3324;385;13933|3335;396;13966|3346;407;14000|3358;418;14033|3369;429;14066|3380;441;14100|3391;452;14133|3402;463;14166|3414;474;14200|3425;485;14233|3436;497;14266|3447;508;14300|3458;519;14333|3470;530;14366|3481;541;14400|3492;550;14433|3503;550;14466|3514;550;14500|3526;551;14533|3537;553;14566|3548;556;14600|3559;560;14633|3570;565;14666|3582;571;14700|3593;578;14733|3604;586;14766|3615;595;14800|3626;605;14833|3638;610;14866|3649;610;14900|3660;610;14933|3670;610;14966|3670;610;15000|3670;610;15033|3670;610;15066|3670;610;15100|3670;610;15133|3670;596;15166|3670;583;15200|3670;571;15233|3674;561;15266|3682;551;15300|3692;551;15333|3703;553;15366|3712;556;15400|3718;559;15433|3720;564;15466|3720;569;15500|3720;570;15533|3720;570;15566|3720;570;15600|3720;563;15633|3721;549;15666|3725;537;15700|3732;526;15733|3742;516;15766|3754;506;15800|3765;498;15833|3776;490;15866|3787;484;15900|3798;478;15933|3810;479;15966|3818;481;16000|3824;483;16033|3826;487;16066|3826;492;16100|3826;497;16133|3826;504;16166|3826;510;16200|3826;510;16233|3826;510;16266|3826;510;16300|3826;510;16333|3826;503;16366|3826;489;16400|3826;477;16433|3826;466;16466|3826;456;16500|3827;446;16533|3831;438;16566|3838;430;16600|3849;424;16633|3860;421;16666|3869;422;16700|3874;425;16733|3877;428;16766|3877;430;16800|3877;430;16833|3877;430;16866|3877;430;16900|3877;430;16933|3877;430;16966|3877;423;17000|3877;409;17033|3879;397;17066|3885;386;17100|3894;376;17133|3905;366;17166|3916;358;17200|3927;350;17233|3938;344;17266|3950;338;17300|3961;336;17333|3971;330;17366|3976;330;17400|3976;330;17433|3976;330;17466|3976;330;17500|3976;330;17533|3976;330;17566|3976;330;17600|3976;330;17633|3976;323;17666|3976;309;17700|3978;297;17733|3984;286;17766|3993;276;17800|4004;266;17833|4015;258;17866|4026;250;17900|4038;244;17933|4049;238;17966|4060;234;18000|4071;230;18033|4082;228;18066|4094;226;18100|4105;225;18133|4116;225;18166|4127;227;18200|4138;229;18233|4150;232;18266|4161;236;18300|4172;241;18333|4183;247;18366|4194;254;18400|4206;262;18433|4216;271;18466|4223;281;18500|4227;291;18533|4228;303;18566|4228;314;18600|4228;325;18633|4228;336;18666|4228;347;18700|4228;347;18716', 1);
INSERT INTO `runs` (`id_r`, `id_m`, `id_u`, `id_s`, `time`, `positions`, `ranked`) VALUES
(52, 3, 15, NULL, 17248, '30;310;0|30;296;33|32;283;66|38;271;100|46;261;133|58;261;166|69;263;200|80;266;233|91;269;266|102;274;300|110;279;333|97;266;366|84;253;400|71;241;433|58;230;466|46;220;500|35;212;533|28;204;566|24;197;600|23;191;633|26;186;666|31;182;700|40;178;733|51;176;766|62;175;800|74;176;833|85;178;866|94;180;900|99;184;933|102;188;966|102;194;1000|102;200;1033|102;208;1066|104;216;1100|110;226;1133|116;230;1166|117;230;1200|117;230;1233|117;230;1266|114;230;1300|109;230;1333|100;231;1366|93;233;1400|89;236;1433|88;240;1466|88;245;1500|88;251;1533|88;258;1566|88;266;1600|88;275;1633|86;285;1666|80;296;1700|71;307;1733|60;310;1766|49;310;1800|38;310;1833|26;310;1866|20;310;1900|19;303;1933|19;289;1966|20;277;2000|24;266;2033|31;256;2066|42;246;2100|53;238;2133|64;230;2166|75;227;2200|84;228;2233|90;231;2266|92;234;2300|92;238;2333|94;243;2366|100;249;2400|109;256;2433|110;262;2466|103;257;2500|93;244;2533|86;232;2566|82;221;2600|81;210;2633|83;201;2666|89;193;2700|98;185;2733|109;182;2766|120;183;2800|130;185;2833|130;188;2866|123;183;2900|113;169;2933|106;157;2966|102;146;3000|101;136;3033|103;126;3066|109;118;3100|118;110;3133|129;104;3166|140;98;3200|151;99;3233|162;101;3266|169;103;3300|173;107;3333|174;110;3366|174;110;3400|174;110;3433|174;110;3466|174;96;3500|174;83;3533|178;71;3566|186;61;3600|196;51;3633|207;46;3666|218;48;3700|225;50;3733|226;50;3766|226;50;3800|226;50;3833|226;50;3866|226;50;3900|226;50;3933|229;36;3966|234;23;4000|243;11;4033|254;1;4066|266;-9;4100|277;-18;4133|288;-26;4166|299;-33;4200|310;-39;4233|322;-44;4266|333;-48;4300|344;-51;4333|355;-53;4366|366;-55;4400|378;-55;4433|389;-54;4466|400;-52;4500|411;-50;4533|422;-46;4566|434;-42;4600|445;-36;4633|456;-30;4666|467;-22;4700|478;-14;4733|490;-4;4766|500;6;4800|507;17;4833|511;28;4866|512;39;4900|512;51;4933|512;62;4966|512;73;5000|513;84;5033|517;90;5066|524;90;5100|534;90;5133|546;90;5166|557;76;5200|568;63;5233|579;51;5266|590;41;5300|602;31;5333|613;22;5366|624;14;5400|635;11;5433|646;12;5466|658;14;5500|669;17;5533|680;21;5566|691;26;5600|702;32;5633|714;39;5666|725;47;5700|736;56;5733|747;66;5766|758;77;5800|770;88;5833|781;99;5866|792;110;5900|803;121;5933|814;130;5966|826;130;6000|837;116;6033|848;103;6066|859;91;6100|870;81;6133|882;71;6166|893;62;6200|904;54;6233|915;47;6266|926;41;6300|938;39;6333|949;40;6366|960;42;6400|971;45;6433|982;49;6466|994;54;6500|1005;60;6533|1016;67;6566|1027;75;6600|1038;84;6633|1050;94;6666|1061;105;6700|1072;116;6733|1083;127;6766|1094;138;6800|1106;149;6833|1117;161;6866|1128;170;6900|1139;170;6933|1150;170;6966|1162;163;7000|1173;149;7033|1184;137;7066|1195;126;7100|1206;116;7133|1218;106;7166|1229;98;7200|1240;90;7233|1251;84;7266|1262;78;7300|1274;74;7333|1285;70;7366|1296;68;7400|1307;67;7433|1318;68;7466|1330;70;7500|1341;73;7533|1352;77;7566|1363;82;7600|1374;88;7633|1386;95;7666|1397;103;7700|1408;112;7733|1419;122;7766|1430;130;7800|1442;130;7833|1453;123;7866|1464;109;7900|1475;97;7933|1486;86;7966|1498;76;8000|1509;66;8033|1520;58;8066|1531;54;8100|1542;55;8133|1554;58;8166|1565;61;8200|1576;65;8233|1587;70;8266|1598;76;8300|1610;83;8333|1621;91;8366|1632;100;8400|1643;109;8433|1654;120;8466|1666;130;8500|1677;130;8533|1688;123;8566|1699;109;8600|1710;97;8633|1722;86;8666|1733;76;8700|1744;66;8733|1755;62;8766|1766;63;8800|1778;65;8833|1789;69;8866|1800;73;8900|1811;78;8933|1822;84;8966|1834;91;9000|1845;99;9033|1856;107;9066|1867;117;9100|1878;128;9133|1890;130;9166|1901;116;9200|1912;103;9233|1923;91;9266|1934;86;9300|1946;87;9333|1957;89;9366|1968;93;9400|1979;97;9433|1990;102;9466|2002;108;9500|2013;115;9533|2024;123;9566|2035;130;9600|2046;130;9633|2058;123;9666|2069;109;9700|2080;97;9733|2091;92;9766|2102;93;9800|2114;95;9833|2125;98;9866|2136;102;9900|2147;107;9933|2158;113;9966|2170;120;10000|2181;128;10033|2192;130;10066|2203;116;10100|2214;103;10133|2226;91;10166|2237;81;10200|2248;71;10233|2259;62;10266|2270;54;10300|2282;47;10333|2293;41;10366|2304;36;10400|2315;32;10433|2326;29;10466|2338;27;10500|2349;27;10533|2360;29;10566|2371;32;10600|2382;35;10633|2394;40;10666|2405;45;10700|2416;52;10733|2427;59;10766|2438;68;10800|2450;77;10833|2458;87;10866|2464;98;10900|2466;110;10933|2466;121;10966|2469;130;11000|2474;130;11033|2483;130;11066|2494;116;11100|2506;103;11133|2517;91;11166|2528;81;11200|2539;81;11233|2550;83;11266|2562;86;11300|2573;89;11333|2584;94;11366|2595;99;11400|2606;106;11433|2618;113;11466|2629;122;11500|2640;130;11533|2651;130;11566|2662;116;11600|2674;103;11633|2685;91;11666|2696;81;11700|2707;71;11733|2718;62;11766|2730;58;11800|2741;59;11833|2752;61;11866|2763;64;11900|2774;69;11933|2781;74;11966|2785;80;12000|2786;87;12033|2786;94;12066|2790;103;12100|2798;113;12133|2808;124;12166|2819;130;12200|2830;123;12233|2842;109;12266|2853;97;12300|2864;86;12333|2875;76;12366|2886;66;12400|2898;58;12433|2909;50;12466|2920;47;12500|2931;48;12533|2942;51;12566|2954;54;12600|2965;58;12633|2976;63;12666|2987;69;12700|2998;76;12733|3010;84;12766|3021;93;12800|3032;102;12833|3043;113;12866|3054;124;12900|3066;136;12933|3077;147;12966|3088;158;13000|3099;169;13033|3110;180;13066|3122;192;13100|3133;203;13133|3144;214;13166|3155;225;13200|3166;236;13233|3178;248;13266|3189;259;13300|3200;270;13333|3211;281;13366|3222;292;13400|3234;304;13433|3245;315;13466|3256;326;13500|3267;337;13533|3278;348;13566|3290;360;13600|3301;371;13633|3312;382;13666|3323;393;13700|3334;404;13733|3346;416;13766|3357;427;13800|3368;438;13833|3379;449;13866|3390;460;13900|3402;472;13933|3413;483;13966|3424;494;14000|3435;505;14033|3446;516;14066|3458;528;14100|3469;539;14133|3480;550;14166|3491;543;14200|3502;529;14233|3514;517;14266|3525;506;14300|3536;496;14333|3547;486;14366|3558;478;14400|3570;470;14433|3581;467;14466|3592;468;14500|3603;471;14533|3614;474;14566|3626;478;14600|3637;483;14633|3648;489;14666|3657;496;14700|3662;504;14733|3665;513;14766|3665;522;14800|3667;533;14833|3673;544;14866|3682;556;14900|3693;567;14933|3704;570;14966|3715;563;15000|3726;549;15033|3737;537;15066|3744;526;15100|3748;516;15133|3749;506;15166|3749;498;15200|3749;490;15233|3751;487;15266|3757;488;15300|3766;491;15333|3777;494;15366|3788;498;15400|3799;503;15433|3810;509;15466|3822;510;15500|3833;510;15533|3842;510;15566|3846;510;15600|3846;510;15633|3846;496;15666|3846;483;15700|3846;471;15733|3846;466;15766|3846;467;15800|3846;469;15833|3846;473;15866|3846;477;15900|3846;482;15933|3846;488;15966|3846;495;16000|3846;503;16033|3846;510;16066|3846;510;16100|3846;510;16133|3846;510;16166|3846;496;16200|3846;483;16233|3846;471;16266|3846;461;16300|3846;451;16333|3846;442;16366|3846;434;16400|3846;427;16433|3846;421;16466|3850;422;16500|3858;423;16533|3863;426;16566|3866;430;16600|3866;430;16633|3866;430;16666|3866;430;16700|3866;416;16733|3868;403;16766|3874;391;16800|3882;381;16833|3894;371;16866|3905;362;16900|3916;354;16933|3927;347;16966|3938;341;17000|3950;336;17033|3961;332;17066|3972;329;17100|3983;327;17133|3994;325;17166|4006;325;17200|4017;326;17233|4028;328;17266|4039;330;17300|4050;330;17333|4062;330;17366|4073;316;17400|4084;303;17433|4095;291;17466|4106;281;17500|4118;271;17533|4129;271;17566|4140;273;17600|4151;276;17633|4162;279;17666|4174;284;17700|4185;289;17733|4195;296;17766|4202;303;17800|4206;312;17833|4209;321;17866|4214;331;17900|4223;343;17933|4229;348;17966', 1),
(53, 3, 9, NULL, 13344, '30;310;0|30;296;33|34;283;66|42;271;100|52;261;133|63;251;166|74;242;200|86;243;233|97;244;266|108;247;300|110;250;333|103;245;366|93;232;400|86;220;433|82;208;466|81;198;500|83;189;533|89;180;566|98;173;600|109;166;633|120;161;666|130;156;700|130;153;733|130;150;766|130;149;800|130;150;833|118;136;866|109;124;900|103;112;933|101;101;966|102;91;1000|106;82;1033|113;75;1066|123;68;1100|134;62;1133|146;57;1166|157;52;1200|168;49;1233|179;47;1266|190;46;1300|202;46;1333|213;46;1366|224;48;1400|235;50;1433|246;50;1466|258;36;1500|269;23;1533|280;11;1566|291;1;1600|302;-9;1633|314;-18;1666|325;-26;1700|336;-29;1733|347;-28;1766|358;-26;1800|370;-23;1833|381;-19;1866|392;-14;1900|403;-8;1933|414;-1;1966|426;7;2000|437;16;2033|448;26;2066|459;30;2100|470;30;2133|482;16;2166|493;3;2200|504;-9;2233|515;-19;2266|526;-29;2300|538;-38;2333|549;-46;2366|560;-45;2400|571;-44;2433|582;-41;2466|594;-37;2500|605;-33;2533|616;-27;2566|627;-21;2600|638;-13;2633|650;-5;2666|661;4;2700|672;15;2733|683;26;2766|694;38;2800|706;51;2833|717;66;2866|728;81;2900|739;97;2933|750;114;2966|762;130;3000|773;130;3033|784;130;3066|795;130;3100|806;130;3133|818;116;3166|829;103;3200|840;91;3233|851;81;3266|862;71;3300|874;62;3333|885;54;3366|896;47;3400|907;41;3433|918;36;3466|930;32;3500|941;29;3533|952;27;3566|963;27;3600|974;29;3633|986;32;3666|997;35;3700|1008;40;3733|1019;45;3766|1030;52;3800|1042;59;3833|1053;68;3866|1064;77;3900|1075;87;3933|1086;99;3966|1098;111;4000|1109;124;4033|1120;138;4066|1131;153;4100|1142;169;4133|1154;163;4166|1165;149;4200|1176;137;4233|1187;126;4266|1198;116;4300|1210;106;4333|1221;98;4366|1232;90;4400|1243;84;4433|1254;78;4466|1266;74;4500|1277;70;4533|1288;68;4566|1299;66;4600|1310;65;4633|1322;66;4666|1333;68;4700|1344;70;4733|1355;74;4766|1366;78;4800|1378;84;4833|1389;90;4866|1400;98;4900|1411;106;4933|1422;116;4966|1434;126;5000|1445;123;5033|1456;109;5066|1467;97;5100|1478;86;5133|1490;76;5166|1501;66;5200|1512;58;5233|1523;50;5266|1534;44;5300|1546;38;5333|1557;39;5366|1568;41;5400|1579;43;5433|1590;47;5466|1602;52;5500|1613;57;5533|1624;64;5566|1635;71;5600|1646;79;5633|1658;89;5666|1669;99;5700|1680;110;5733|1691;123;5766|1702;130;5800|1714;116;5833|1725;103;5866|1736;91;5900|1747;81;5933|1758;71;5966|1770;66;6000|1781;68;6033|1792;70;6066|1803;73;6100|1814;77;6133|1826;82;6166|1837;88;6200|1848;95;6233|1859;103;6266|1870;112;6300|1882;122;6333|1893;130;6366|1904;116;6400|1915;103;6433|1926;91;6466|1938;81;6500|1949;76;6533|1960;77;6566|1971;79;6600|1982;82;6633|1994;86;6666|2005;91;6700|2016;97;6733|2027;104;6766|2038;112;6800|2050;121;6833|2061;130;6866|2072;116;6900|2083;103;6933|2094;91;6966|2106;81;7000|2117;81;7033|2128;83;7066|2139;86;7100|2150;89;7133|2162;94;7166|2173;99;7200|2184;106;7233|2195;113;7266|2206;122;7300|2218;130;7333|2229;116;7366|2240;103;7400|2251;91;7433|2262;81;7466|2274;81;7500|2285;83;7533|2296;86;7566|2307;89;7600|2318;94;7633|2330;99;7666|2341;106;7700|2352;113;7733|2363;122;7766|2374;130;7800|2386;123;7833|2397;109;7866|2408;97;7900|2419;86;7933|2430;87;7966|2442;88;8000|2453;91;8033|2464;94;8066|2475;99;8100|2486;105;8133|2498;111;8166|2509;118;8200|2520;127;8233|2531;123;8266|2542;109;8300|2554;97;8333|2565;86;8366|2576;87;8400|2587;88;8433|2598;91;8466|2610;94;8500|2621;99;8533|2632;105;8566|2643;111;8600|2654;118;8633|2666;127;8666|2677;130;8700|2688;116;8733|2699;103;8766|2710;91;8800|2722;86;8833|2733;87;8866|2744;89;8900|2755;93;8933|2766;97;8966|2778;102;9000|2789;108;9033|2800;115;9066|2811;123;9100|2822;130;9133|2834;130;9166|2845;116;9200|2856;103;9233|2867;91;9266|2878;81;9300|2890;71;9333|2901;62;9366|2912;54;9400|2923;47;9433|2934;41;9466|2946;36;9500|2957;32;9533|2968;29;9566|2979;28;9600|2990;29;9633|3002;31;9666|3013;34;9700|3024;38;9733|3035;43;9766|3046;49;9800|3058;56;9833|3069;64;9866|3080;73;9900|3091;83;9933|3102;94;9966|3114;106;10000|3125;118;10033|3136;132;10066|3147;147;10100|3158;162;10133|3170;179;10166|3181;196;10200|3192;215;10233|3203;234;10266|3214;253;10300|3226;272;10333|3237;292;10366|3248;311;10400|3259;330;10433|3270;349;10466|3282;368;10500|3293;388;10533|3304;407;10566|3315;410;10600|3326;410;10633|3338;396;10666|3349;383;10700|3360;371;10733|3371;361;10766|3382;351;10800|3394;342;10833|3405;334;10866|3416;327;10900|3427;324;10933|3438;325;10966|3450;327;11000|3461;331;11033|3472;335;11066|3483;340;11100|3494;346;11133|3506;353;11166|3517;361;11200|3528;369;11233|3539;379;11266|3550;390;11300|3562;402;11333|3573;415;11366|3584;428;11400|3595;443;11433|3606;458;11466|3618;475;11500|3629;493;11533|3640;511;11566|3651;530;11600|3662;549;11633|3674;569;11666|3685;570;11700|3696;563;11733|3707;549;11766|3718;537;11800|3730;526;11833|3741;516;11866|3752;506;11900|3763;498;11933|3774;494;11966|3786;495;12000|3794;498;12033|3800;501;12066|3802;505;12100|3802;510;12133|3802;510;12166|3802;496;12200|3805;483;12233|3810;471;12266|3818;461;12300|3822;451;12333|3822;442;12366|3823;434;12400|3827;427;12433|3834;421;12466|3845;416;12500|3856;412;12533|3867;413;12566|3876;414;12600|3882;417;12633|3884;420;12666|3884;425;12700|3884;430;12733|3884;416;12766|3885;403;12800|3889;391;12833|3896;381;12866|3906;371;12900|3918;362;12933|3929;354;12966|3940;347;13000|3951;341;13033|3962;336;13066|3974;332;13100|3985;330;13133|3996;330;13166|4007;330;13200|4018;330;13233|4030;330;13266|4041;316;13300|4052;303;13333|4063;291;13366|4074;281;13400|4086;271;13433|4097;266;13466|4108;268;13500|4119;270;13533|4130;273;13566|4142;277;13600|4153;282;13633|4164;288;13666|4175;295;13700|4186;303;13733|4198;312;13766|4209;322;13800|4220;332;13833|4231;344;13866|4237;350;13900', 1);

-- --------------------------------------------------------

--
-- Structure de la table `skins`
--

CREATE TABLE IF NOT EXISTS `skins` (
  `id_s` int(11) NOT NULL AUTO_INCREMENT,
  `title` varchar(255) DEFAULT NULL,
  `rarity` int(11) DEFAULT NULL,
  `price` int(11) DEFAULT NULL,
  PRIMARY KEY (`id_s`)
) ENGINE=InnoDB  DEFAULT CHARSET=utf8 AUTO_INCREMENT=141 ;

--
-- Contenu de la table `skins`
--

INSERT INTO `skins` (`id_s`, `title`, `rarity`, `price`) VALUES
(1, '0-0', 0, 100),
(2, '0-1', 0, 100),
(3, '0-2', 0, 100),
(4, '0-3', 0, 100),
(5, '0-4', 0, 100),
(6, '0-5', 0, 100),
(7, '0-6', 0, 100),
(8, '0-7', 0, 100),
(9, '0-8', 0, 100),
(10, '0-9', 0, 100),
(11, '0-10', 0, 100),
(12, '0-11', 0, 100),
(13, '0-12', 0, 100),
(14, '0-13', 0, 100),
(15, '0-14', 0, 100),
(16, '0-15', 0, 100),
(17, '0-16', 0, 100),
(18, '0-17', 0, 100),
(19, '0-18', 0, 100),
(20, '0-19', 0, 100),
(21, '0-20', 0, 100),
(22, '0-21', 0, 100),
(23, '0-22', 0, 100),
(24, '0-23', 0, 100),
(25, '0-24', 0, 100),
(26, '0-25', 0, 100),
(27, '0-26', 0, 100),
(28, '0-27', 0, 100),
(29, '0-28', 0, 100),
(30, '0-29', 0, 100),
(31, '0-30', 0, 100),
(32, '0-31', 0, 100),
(33, '0-32', 0, 100),
(34, '0-33', 0, 100),
(35, '0-34', 0, 100),
(36, '0-35', 0, 100),
(37, '0-36', 0, 100),
(38, '0-37', 0, 100),
(39, '0-38', 0, 100),
(40, '0-39', 0, 100),
(41, '0-40', 0, 100),
(42, '0-41', 0, 100),
(43, '0-42', 0, 100),
(44, '0-43', 0, 100),
(45, '0-44', 0, 100),
(46, '0-45', 0, 100),
(47, '0-46', 0, 100),
(48, '0-47', 0, 100),
(49, '0-48', 0, 100),
(50, '0-49', 0, 100),
(51, '1-0', 1, 100),
(52, '1-1', 1, 100),
(53, '1-2', 1, 100),
(54, '1-3', 1, 100),
(55, '1-4', 1, 100),
(56, '1-5', 1, 100),
(57, '1-6', 1, 100),
(58, '1-7', 1, 100),
(59, '1-8', 1, 100),
(60, '1-9', 1, 100),
(61, '1-10', 1, 100),
(62, '1-11', 1, 100),
(63, '1-12', 1, 100),
(64, '1-13', 1, 100),
(65, '1-14', 1, 100),
(66, '1-15', 1, 100),
(67, '1-16', 1, 100),
(68, '1-17', 1, 100),
(69, '1-18', 1, 100),
(70, '1-19', 1, 100),
(71, '1-20', 1, 100),
(72, '1-21', 1, 100),
(73, '1-22', 1, 100),
(74, '1-23', 1, 100),
(75, '1-24', 1, 100),
(76, '1-25', 1, 100),
(77, '1-26', 1, 100),
(78, '1-27', 1, 100),
(79, '1-28', 1, 100),
(80, '1-29', 1, 100),
(81, '2-0', 2, 100),
(82, '2-1', 2, 100),
(83, '2-2', 2, 100),
(84, '2-3', 2, 100),
(85, '2-4', 2, 100),
(86, '2-5', 2, 100),
(87, '2-6', 2, 100),
(88, '2-7', 2, 100),
(89, '2-8', 2, 100),
(90, '2-9', 2, 100),
(91, '2-10', 2, 100),
(92, '2-11', 2, 100),
(93, '2-12', 2, 100),
(94, '2-13', 2, 100),
(95, '2-14', 2, 100),
(96, '2-15', 2, 100),
(97, '2-16', 2, 100),
(98, '2-17', 2, 100),
(99, '2-18', 2, 100),
(100, '2-19', 2, 100),
(101, '2-20', 2, 100),
(102, '2-21', 2, 100),
(103, '2-22', 2, 100),
(104, '2-23', 2, 100),
(105, '2-24', 2, 100),
(106, '2-25', 2, 100),
(107, '2-26', 2, 100),
(108, '2-27', 2, 100),
(109, '2-28', 2, 100),
(110, '2-29', 2, 100),
(111, '3-0', 3, 100),
(112, '3-1', 3, 100),
(113, '3-2', 3, 100),
(114, '3-3', 3, 100),
(115, '3-4', 3, 100),
(116, '3-5', 3, 100),
(117, '3-6', 3, 100),
(118, '3-7', 3, 100),
(119, '3-8', 3, 100),
(120, '3-9', 3, 100),
(121, '3-10', 3, 100),
(122, '3-11', 3, 100),
(123, '3-12', 3, 100),
(124, '3-13', 3, 100),
(125, '3-14', 3, 100),
(126, '3-15', 3, 100),
(127, '3-16', 3, 100),
(128, '3-17', 3, 100),
(129, '3-18', 3, 100),
(130, '3-19', 3, 100),
(131, '3-20', 3, 100),
(132, '3-21', 3, 100),
(133, '3-22', 3, 100),
(134, '3-23', 3, 100),
(135, '3-24', 3, 100),
(136, '3-25', 3, 100),
(137, '3-26', 3, 100),
(138, '3-27', 3, 100),
(139, '3-28', 3, 100),
(140, '3-29', 3, 100);

-- --------------------------------------------------------

--
-- Structure de la table `users`
--

CREATE TABLE IF NOT EXISTS `users` (
  `id_u` int(11) NOT NULL AUTO_INCREMENT,
  `login` varchar(255) DEFAULT NULL,
  `password` varchar(255) DEFAULT NULL,
  `token` text,
  `elo` int(11) DEFAULT NULL,
  `sigma` int(11) DEFAULT NULL,
  `xp` int(11) DEFAULT NULL,
  `golds` int(11) DEFAULT NULL,
  `gems` int(11) DEFAULT NULL,
  `nextdrop` int(11) DEFAULT NULL,
  PRIMARY KEY (`id_u`)
) ENGINE=InnoDB  DEFAULT CHARSET=utf8 AUTO_INCREMENT=22 ;

--
-- Contenu de la table `users`
--

INSERT INTO `users` (`id_u`, `login`, `password`, `token`, `elo`, `sigma`, `xp`, `golds`, `gems`, `nextdrop`) VALUES
(1, 'elbazia', 'aze', 'eyJhbGciOiJIUzI1NiIsInR5cCI6IkpXVCJ9.eyJpZCI6MSwibG9naW4iOiJlbGJhemlhIiwicGFzc3dvcmQiOiJhemUiLCJpYXQiOjE0NjQwODE1MTl9.OfPqyjKSZieMpZE0HvLwyzhE_kEX-7CYh84VFs3eIgo', 1852, 48, 3600, 593507, 12, 1470223105),
(2, 'elgringo', 'aze', 'eyJhbGciOiJIUzI1NiIsInR5cCI6IkpXVCJ9.eyJpZCI6MiwibG9naW4iOiJlbGdyaW5nbyIsInBhc3N3b3JkIjoiYXplIiwiaWF0IjoxNDY0MDgxNTY5fQ.ecdH90SCSsev-jLsPq--ZJnIJpRb2OC86rHKy2IFnSc', 1060, 51, 19592, 19592, 0, 0),
(3, 'coco', 'aze', 'eyJhbGciOiJIUzI1NiIsInR5cCI6IkpXVCJ9.eyJpZCI6MywibG9naW4iOiJjb2NvIiwicGFzc3dvcmQiOiJhemUiLCJpYXQiOjE0NjQwODE2MTB9.DOKbxsYqdlp-cbNJQ1KBtU3QqCLn6qZRiSFiw2H3SNs', 1668, 48, 31181, 31181, 0, 0),
(4, 'mdr', 'aze', 'eyJhbGciOiJIUzI1NiIsInR5cCI6IkpXVCJ9.eyJpZCI6NCwibG9naW4iOiJtZHIiLCJwYXNzd29yZCI6ImF6ZSIsImlhdCI6MTQ2NDEyMjUxN30.jpJELPTIEp2b3H1IclaF79iViY4ZXIs7iFAERTYfqiY', 2036, 48, 37467, 37467, 0, 0),
(5, 'lol', 'aze', 'eyJhbGciOiJIUzI1NiIsInR5cCI6IkpXVCJ9.eyJpZCI6NSwibG9naW4iOiJsb2wiLCJwYXNzd29yZCI6ImF6ZSIsImlhdCI6MTQ2NDEyMjUzMX0.v1cr9PFKKjmX61t0RmJZgU9xIwVprjiXUPmT1ISD7xk', 1481, 48, 26149, 26149, 0, 0),
(6, 'juif', 'aze', 'eyJhbGciOiJIUzI1NiIsInR5cCI6IkpXVCJ9.eyJpZCI6NiwibG9naW4iOiJqdWlmIiwicGFzc3dvcmQiOiJhemUiLCJpYXQiOjE0NjQxMjI1NDR9.a9Eo8p27vY8IzW2ZIMma1gqe4uRAcTiUXyFdM_pRaag', 811, 54, 15573, 15573, 0, 0),
(7, 'caca', 'aze', 'eyJhbGciOiJIUzI1NiIsInR5cCI6IkpXVCJ9.eyJpZCI6NywibG9naW4iOiJjYWNhIiwicGFzc3dvcmQiOiJhemUiLCJpYXQiOjE0NjQxMjI1NTh9.tjLQ8-36Gzh7Zi3GL46viwG69ciRwNc8g_yKspivluE', 1279, 49, 22605, 22605, 0, 0),
(8, 'pipi', 'aze', 'eyJhbGciOiJIUzI1NiIsInR5cCI6IkpXVCJ9.eyJpZCI6OCwibG9naW4iOiJwaXBpIiwicGFzc3dvcmQiOiJhemUiLCJpYXQiOjE0NjQxMjI1NzV9.TdF_bs7vwVzv4AxLIqv4iJmHyabVtsKv49_nPP4e6OQ', 2437, 49, 18095, 16000, 0, 1470142202),
(9, 'xptdr', 'aze', 'eyJhbGciOiJIUzI1NiIsInR5cCI6IkpXVCJ9.eyJpZCI6OSwibG9naW4iOiJ4cHRkciIsInBhc3N3b3JkIjoiYXplIiwiaWF0IjoxNDY0MTIyNTk5fQ.cHhmhRTgR3752fW2G2IqDStb8i85HxYPr9t3USObu78', 495, 59, 13486, 12183, 0, 1470240347),
(10, 'elbazia2', 'aze', 'eyJhbGciOiJIUzI1NiIsInR5cCI6IkpXVCJ9.eyJpZCI6MTAsImxvZ2luIjoiZWxiYXppYTIiLCJwYXNzd29yZCI6ImF6ZSIsImlhdCI6MTQ2NDE4OTgwOX0.tqmr1jUzAXftqZV9vT-Z6HD6fbtsJxipMrfGswf5-Tg', 1500, 500, 0, 0, 0, NULL),
(11, 'nana', 'aze', 'eyJhbGciOiJIUzI1NiIsInR5cCI6IkpXVCJ9.eyJpZCI6MTEsImxvZ2luIjoibmFuYSIsInBhc3N3b3JkIjoiYXplIiwiaWF0IjoxNDY0Nzc2MzkzfQ.rnjygZxAJhZGwTV9VyjJxBm3wKfEGIEh8ZHTanG-qiU', 2415, 50, 43407, 42883, 0, 1470214930),
(12, 'lala', 'aze', 'eyJhbGciOiJIUzI1NiIsInR5cCI6IkpXVCJ9.eyJpZCI6MTIsImxvZ2luIjoibGFsYSIsInBhc3N3b3JkIjoiYXplIiwiaWF0IjoxNDY0OTQyODc2fQ.xb30t9bJarFWf17NxKLvp-gdwxc3vJejaVA2wwMNr1M', 2218, 49, 33439, 33439, 0, NULL),
(13, 'koak', 'aze', 'eyJhbGciOiJIUzI1NiIsInR5cCI6IkpXVCJ9.eyJpZCI6MTMsImxvZ2luIjoia29hayIsInBhc3N3b3JkIjoiYXplIiwiaWF0IjoxNDY0OTQyOTY3fQ.qjX-dBzm4aNYgldHh8_W5KyHUtjfqekj-3I66WypawQ', 2631, 60, 31744, 31744, 0, NULL),
(14, 'LEGROSZIZI', 'AZE', 'eyJhbGciOiJIUzI1NiIsInR5cCI6IkpXVCJ9.eyJpZCI6MTQsImxvZ2luIjoiTEVHUk9TWklaSSIsInBhc3N3b3JkIjoiQVpFIiwiaWF0IjoxNDY1MDYyOTg1fQ.tlS23d7FN9wcZz8x9famq400afX-ebUBLq1GedsHHg4', 1500, 350, 0, 90, 0, 1470226365),
(15, 'JESUISUNFDP', 'AZE', 'eyJhbGciOiJIUzI1NiIsInR5cCI6IkpXVCJ9.eyJpZCI6MTUsImxvZ2luIjoiSkVTVUlTVU5GRFAiLCJwYXNzd29yZCI6IkFaRSIsImlhdCI6MTQ2NTEzMDUxNH0.OT84FcyWHut3JoD_QMNRHPYcD8qx4oiq92_q8MVr0N8', 1500, 350, 0, 0, 0, NULL),
(16, 'LeZiziGeant', 'aze', 'eyJhbGciOiJIUzI1NiIsInR5cCI6IkpXVCJ9.eyJpZCI6MTYsImxvZ2luIjoiTGVaaXppR2VhbnQiLCJwYXNzd29yZCI6ImF6ZSIsImlhdCI6MTQ2NTE0OTM4MH0.Mi_cFtzyTSd8OPj1ImwTegAx5K4_kyYIRfusgZw4IpU', 1500, 350, 0, 0, 0, NULL),
(17, 'LAL', 'aze', 'eyJhbGciOiJIUzI1NiIsInR5cCI6IkpXVCJ9.eyJpZCI6MTcsImxvZ2luIjoiTEFMIiwicGFzc3dvcmQiOiJhemUiLCJpYXQiOjE0NjUxNDk0NDZ9.MSK54FAYymxUblOs9eVVPO0qgD4Y1C_3D_WaIH7eugk', 1500, 350, 0, 0, 0, NULL),
(18, 'PENISHURLANT', 'aze', 'eyJhbGciOiJIUzI1NiIsInR5cCI6IkpXVCJ9.eyJpZCI6MTgsImxvZ2luIjoiUEVOSVNIVVJMQU5UIiwicGFzc3dvcmQiOiJhemUiLCJpYXQiOjE0NjUxNDk1MTh9.JaGBe17-xdEgKtwXDnTZG5Dmbm9wkEzzyGTzflNT88A', 1500, 350, 0, 0, 0, NULL),
(19, 'JESUISUNGROSJUIFMECHANT', 'aze', 'eyJhbGciOiJIUzI1NiIsInR5cCI6IkpXVCJ9.eyJpZCI6MTksImxvZ2luIjoiSkVTVUlTVU5HUk9TSlVJRk1FQ0hBTlQiLCJwYXNzd29yZCI6ImF6ZSIsImlhdCI6MTQ2NTE0OTU0NX0.8d5P79To0QBWzqHQu_0wgT5rOMXJFXncYOJCCmidm2o', 1500, 350, 0, 0, 0, NULL),
(20, 'vincent', 'aze', 'eyJhbGciOiJIUzI1NiIsInR5cCI6IkpXVCJ9.eyJpZCI6MjAsImxvZ2luIjoidmluY2VudCIsInBhc3N3b3JkIjoiYXplIiwiaWF0IjoxNDY1MzE4NzkxfQ.yxprPjiWMNRVI1VEK8DocVp_C1_Spq-4Y1NXJKIKx1M', 1500, 350, 1219, 17300, 4590, 1466034916),
(21, 'bazia', 'aze', 'eyJhbGciOiJIUzI1NiIsInR5cCI6IkpXVCJ9.eyJpZCI6MjEsImxvZ2luIjoiYmF6aWEiLCJwYXNzd29yZCI6ImF6ZSIsImlhdCI6MTQ2NTMxODg5M30.k5b9h8EkjVgF-CnYCjBTkcxDUzuWXu9zGGkO4kt4-Jw', 1500, 350, 7131, 1459, 93, 1465329422);

-- --------------------------------------------------------

--
-- Structure de la table `user_achievement`
--

CREATE TABLE IF NOT EXISTS `user_achievement` (
  `id_ua` int(11) NOT NULL AUTO_INCREMENT,
  `id_u` int(11) DEFAULT NULL,
  `id_a` int(11) DEFAULT NULL,
  PRIMARY KEY (`id_ua`)
) ENGINE=InnoDB  DEFAULT CHARSET=utf8 AUTO_INCREMENT=3 ;

--
-- Contenu de la table `user_achievement`
--

INSERT INTO `user_achievement` (`id_ua`, `id_u`, `id_a`) VALUES
(2, 1, 1);

-- --------------------------------------------------------

--
-- Structure de la table `user_skin`
--

CREATE TABLE IF NOT EXISTS `user_skin` (
  `id_us` int(11) NOT NULL AUTO_INCREMENT,
  `id_u` int(11) DEFAULT NULL,
  `id_s` int(11) DEFAULT NULL,
  PRIMARY KEY (`id_us`)
) ENGINE=InnoDB  DEFAULT CHARSET=utf8 AUTO_INCREMENT=56 ;

--
-- Contenu de la table `user_skin`
--

INSERT INTO `user_skin` (`id_us`, `id_u`, `id_s`) VALUES
(1, 20, 21),
(2, 20, 8),
(3, 20, 34),
(4, 20, 70),
(5, 20, 37),
(6, 20, 9),
(7, 20, 6),
(8, 20, 17),
(9, 20, 2),
(10, 20, 79),
(11, 20, 67),
(12, 20, 1),
(13, 20, 42),
(14, 20, 59),
(15, 20, 25),
(16, 20, 47),
(17, 20, 106),
(18, 20, 22),
(19, 20, 31),
(20, 20, 57),
(21, 20, 51),
(22, 20, 29),
(23, 20, 114),
(24, 20, 113),
(25, 20, 30),
(26, 20, 35),
(27, 20, 111),
(28, 20, 115),
(29, 8, 28),
(30, 8, 77),
(31, 8, 25),
(32, 8, 5),
(33, 8, 39),
(34, 8, 31),
(35, 8, 29),
(36, 8, 8),
(37, 8, 6),
(38, 8, 11),
(39, 8, 30),
(40, 8, 16),
(41, 8, 13),
(42, 8, 1),
(43, 8, 4),
(44, 8, 52),
(45, 8, 27),
(46, 8, 37),
(47, 8, 45),
(48, 8, 103),
(49, 8, 10),
(50, 8, 67),
(51, 8, 43),
(52, 8, 9),
(53, 8, 42),
(54, 8, 50),
(55, 8, 64);

/*!40101 SET CHARACTER_SET_CLIENT=@OLD_CHARACTER_SET_CLIENT */;
/*!40101 SET CHARACTER_SET_RESULTS=@OLD_CHARACTER_SET_RESULTS */;
/*!40101 SET COLLATION_CONNECTION=@OLD_COLLATION_CONNECTION */;
