-- phpMyAdmin SQL Dump
-- version 4.5.1
-- http://www.phpmyadmin.net
--
-- Client :  127.0.0.1
-- Généré le :  Ven 03 Juin 2016 à 11:05
-- Version du serveur :  10.1.9-MariaDB
-- Version de PHP :  5.6.15

SET SQL_MODE = "NO_AUTO_VALUE_ON_ZERO";
SET time_zone = "+00:00";


/*!40101 SET @OLD_CHARACTER_SET_CLIENT=@@CHARACTER_SET_CLIENT */;
/*!40101 SET @OLD_CHARACTER_SET_RESULTS=@@CHARACTER_SET_RESULTS */;
/*!40101 SET @OLD_COLLATION_CONNECTION=@@COLLATION_CONNECTION */;
/*!40101 SET NAMES utf8mb4 */;

--
-- Base de données :  `platformer`
--

-- --------------------------------------------------------

--
-- Structure de la table `followers`
--

CREATE TABLE `followers` (
  `id_f` int(11) NOT NULL,
  `id_follower` int(11) DEFAULT NULL,
  `id_followed` int(11) DEFAULT NULL
) ENGINE=InnoDB DEFAULT CHARSET=utf8;

-- --------------------------------------------------------

--
-- Structure de la table `maps`
--

CREATE TABLE `maps` (
  `id_m` int(11) NOT NULL,
  `timestamp` int(11) DEFAULT NULL,
  `tiles` text,
  `player` text,
  `master` int(11) DEFAULT NULL,
  `gold` int(11) DEFAULT NULL,
  `silver` int(11) DEFAULT NULL,
  `bronze` int(11) DEFAULT NULL
) ENGINE=InnoDB DEFAULT CHARSET=utf8;

--
-- Contenu de la table `maps`
--

INSERT INTO `maps` (`id_m`, `timestamp`, `tiles`, `player`, `master`, `gold`, `silver`, `bronze`) VALUES
(1, 1463221362, '[[0,0,0,0,0,0,0,0,0,0,0,0,1,0,0,0,0,0,0,0],[0,0,0,0,0,0,0,0,0,0,0,0,1,0,0,0,0,0,0,0],[0,0,0,0,0,0,0,0,1,0,0,0,1,0,0,0,0,0,0,0],[0,0,0,0,0,0,0,0,1,0,0,0,1,0,0,0,0,0,0,0],[0,0,0,0,0,0,0,0,0,0,0,0,1,0,0,0,0,1,0,0],[0,0,0,0,0,0,0,0,0,0,0,0,1,0,0,0,0,1,0,0],[0,0,0,0,0,0,0,0,0,0,0,0,0,0,0,0,0,1,0,0],[0,0,0,0,0,0,1,1,0,0,0,0,0,0,0,0,0,1,0,0],[0,0,0,0,0,0,1,0,0,0,0,0,0,0,1,0,0,1,0,0],[0,0,0,0,0,0,1,0,0,0,0,0,0,0,1,0,0,1,0,0],[0,0,0,0,0,0,1,0,0,0,0,0,0,0,1,0,0,1,0,0],[0,0,0,0,0,0,1,0,0,0,0,0,0,0,1,0,0,1,0,0],[0,0,0,0,0,0,1,0,0,0,0,0,0,0,0,0,0,1,0,0],[0,0,0,0,0,0,1,1,2,0,0,0,0,0,0,0,0,1,0,0],[0,0,0,0,0,0,0,0,0,0,0,0,1,0,0,0,0,1,0,0],[0,0,0,0,0,0,0,0,0,0,0,0,1,0,0,0,0,1,0,0],[0,0,0,0,0,0,0,0,0,0,0,0,1,0,0,0,0,0,0,0],[0,0,0,0,0,0,0,0,1,0,0,0,1,0,0,0,0,0,0,0],[0,0,0,0,0,0,0,0,1,0,0,0,1,0,0,0,0,0,0,0],[0,0,0,0,0,0,0,0,0,0,0,0,1,0,0,0,0,0,0,0]]', '{"x":100,"y":100}', 1100, 1248, 1344, 2144);

-- --------------------------------------------------------

--
-- Structure de la table `runs`
--

CREATE TABLE `runs` (
  `id_r` int(11) NOT NULL,
  `id_m` int(11) DEFAULT NULL,
  `id_u` int(11) DEFAULT NULL,
  `id_s` int(11) DEFAULT NULL,
  `time` int(11) DEFAULT NULL,
  `positions` text,
  `ranked` tinyint(1) DEFAULT NULL
) ENGINE=InnoDB DEFAULT CHARSET=utf8;

--
-- Contenu de la table `runs`
--

INSERT INTO `runs` (`id_r`, `id_m`, `id_u`, `id_s`, `time`, `positions`, `ranked`) VALUES
(1, 1, 1, NULL, 1568, '[{"x":102,"y":100,"t":0},{"x":111,"y":108,"t":100},{"x":111,"y":123,"t":200},{"x":111,"y":141,"t":300},{"x":126,"y":161,"t":400},{"x":142,"y":181,"t":500},{"x":157,"y":203,"t":600},{"x":172,"y":225,"t":700},{"x":188,"y":246,"t":800},{"x":203,"y":268,"t":900},{"x":218,"y":270,"t":1000},{"x":234,"y":221,"t":1100},{"x":249,"y":205,"t":1200},{"x":264,"y":207,"t":1300},{"x":280,"y":218,"t":1400},{"x":286,"y":218,"t":1500},{"x":281,"y":176,"t":1600},{"x":278,"y":173,"t":1633}]', 1),
(2, 1, 2, NULL, 2864, '[{"x":97,"y":100,"t":0},{"x":86,"y":108,"t":100},{"x":86,"y":123,"t":200},{"x":98,"y":141,"t":300},{"x":112,"y":161,"t":400},{"x":112,"y":181,"t":500},{"x":102,"y":203,"t":600},{"x":112,"y":225,"t":700},{"x":128,"y":230,"t":800},{"x":143,"y":236,"t":900},{"x":147,"y":250,"t":1000},{"x":147,"y":267,"t":1100},{"x":147,"y":287,"t":1200},{"x":155,"y":308,"t":1300},{"x":170,"y":329,"t":1400},{"x":185,"y":330,"t":1500},{"x":201,"y":330,"t":1600},{"x":216,"y":330,"t":1700},{"x":231,"y":330,"t":1800},{"x":247,"y":330,"t":1900},{"x":262,"y":330,"t":2000},{"x":271,"y":281,"t":2100},{"x":255,"y":265,"t":2200},{"x":240,"y":267,"t":2300},{"x":231,"y":239,"t":2400},{"x":247,"y":210,"t":2500},{"x":262,"y":204,"t":2600},{"x":277,"y":212,"t":2700},{"x":288,"y":226,"t":2800},{"x":283,"y":192,"t":2900},{"x":273,"y":173,"t":2983}]', 1),
(3, 1, 3, NULL, 1968, '[{"x":102,"y":100,"t":0},{"x":111,"y":108,"t":100},{"x":111,"y":123,"t":200},{"x":113,"y":141,"t":300},{"x":129,"y":161,"t":400},{"x":144,"y":181,"t":500},{"x":155,"y":203,"t":600},{"x":145,"y":225,"t":700},{"x":142,"y":246,"t":800},{"x":157,"y":268,"t":900},{"x":173,"y":270,"t":1000},{"x":188,"y":270,"t":1100},{"x":203,"y":270,"t":1200},{"x":219,"y":258,"t":1300},{"x":234,"y":216,"t":1400},{"x":249,"y":204,"t":1500},{"x":265,"y":208,"t":1600},{"x":280,"y":221,"t":1700},{"x":295,"y":218,"t":1800},{"x":299,"y":176,"t":1900},{"x":284,"y":171,"t":2000},{"x":279,"y":173,"t":2050}]', 1),
(4, 1, 4, NULL, 1536, '[{"x":102,"y":100,"t":0},{"x":113,"y":108,"t":100},{"x":113,"y":123,"t":200},{"x":129,"y":141,"t":300},{"x":130,"y":161,"t":400},{"x":145,"y":181,"t":500},{"x":160,"y":203,"t":600},{"x":176,"y":225,"t":700},{"x":191,"y":246,"t":800},{"x":206,"y":268,"t":900},{"x":222,"y":226,"t":1000},{"x":237,"y":206,"t":1100},{"x":252,"y":206,"t":1200},{"x":268,"y":216,"t":1300},{"x":283,"y":230,"t":1400},{"x":289,"y":199,"t":1500},{"x":279,"y":173,"t":1600}]', 1),
(5, 1, 5, NULL, 2144, '[{"x":97,"y":100,"t":0},{"x":82,"y":108,"t":100},{"x":66,"y":123,"t":200},{"x":65,"y":141,"t":300},{"x":75,"y":138,"t":400},{"x":91,"y":96,"t":500},{"x":106,"y":84,"t":600},{"x":121,"y":88,"t":700},{"x":137,"y":101,"t":800},{"x":152,"y":110,"t":900},{"x":168,"y":110,"t":1000},{"x":183,"y":110,"t":1100},{"x":198,"y":110,"t":1200},{"x":214,"y":110,"t":1300},{"x":229,"y":110,"t":1400},{"x":244,"y":110,"t":1500},{"x":260,"y":110,"t":1600},{"x":275,"y":110,"t":1700},{"x":290,"y":110,"t":1800},{"x":304,"y":118,"t":1900},{"x":290,"y":133,"t":2000},{"x":290,"y":151,"t":2100},{"x":282,"y":171,"t":2200},{"x":279,"y":174,"t":2233}]', 1),
(6, 1, 6, NULL, 3376, '[{"x":97,"y":100,"t":0},{"x":82,"y":108,"t":100},{"x":66,"y":123,"t":200},{"x":60,"y":141,"t":300},{"x":60,"y":150,"t":400},{"x":45,"y":138,"t":500},{"x":29,"y":96,"t":600},{"x":14,"y":84,"t":700},{"x":12,"y":88,"t":800},{"x":27,"y":101,"t":900},{"x":43,"y":117,"t":1000},{"x":58,"y":137,"t":1100},{"x":74,"y":138,"t":1200},{"x":89,"y":96,"t":1300},{"x":104,"y":84,"t":1400},{"x":120,"y":88,"t":1500},{"x":135,"y":101,"t":1600},{"x":150,"y":110,"t":1700},{"x":166,"y":110,"t":1800},{"x":181,"y":110,"t":1900},{"x":196,"y":110,"t":2000},{"x":212,"y":79,"t":2100},{"x":227,"y":50,"t":2200},{"x":242,"y":44,"t":2300},{"x":258,"y":52,"t":2400},{"x":273,"y":66,"t":2500},{"x":289,"y":84,"t":2600},{"x":304,"y":103,"t":2700},{"x":308,"y":124,"t":2800},{"x":308,"y":146,"t":2900},{"x":308,"y":167,"t":3000},{"x":308,"y":189,"t":3100},{"x":308,"y":211,"t":3200},{"x":305,"y":230,"t":3300},{"x":290,"y":208,"t":3400},{"x":274,"y":173,"t":3500},{"x":274,"y":173,"t":3516}]', 1),
(7, 1, 7, NULL, 2560, '[{"x":102,"y":100,"t":0},{"x":111,"y":108,"t":100},{"x":111,"y":123,"t":200},{"x":111,"y":141,"t":300},{"x":118,"y":161,"t":400},{"x":134,"y":181,"t":500},{"x":149,"y":203,"t":600},{"x":145,"y":225,"t":700},{"x":134,"y":246,"t":800},{"x":134,"y":268,"t":900},{"x":141,"y":290,"t":1000},{"x":157,"y":312,"t":1100},{"x":172,"y":330,"t":1200},{"x":188,"y":330,"t":1300},{"x":203,"y":330,"t":1400},{"x":218,"y":330,"t":1500},{"x":234,"y":330,"t":1600},{"x":249,"y":330,"t":1700},{"x":255,"y":281,"t":1800},{"x":247,"y":265,"t":1900},{"x":232,"y":267,"t":2000},{"x":228,"y":232,"t":2100},{"x":239,"y":208,"t":2200},{"x":254,"y":205,"t":2300},{"x":269,"y":214,"t":2400},{"x":278,"y":229,"t":2500},{"x":273,"y":186,"t":2600},{"x":265,"y":173,"t":2666}]', 1),
(8, 1, 8, NULL, 1100, '[{"x":102,"y":100,"t":0},{"x":108,"y":108,"t":100},{"x":108,"y":123,"t":200},{"x":108,"y":141,"t":300},{"x":124,"y":161,"t":400},{"x":130,"y":181,"t":500},{"x":130,"y":203,"t":600},{"x":130,"y":225,"t":700},{"x":130,"y":246,"t":800},{"x":124,"y":268,"t":900},{"x":109,"y":290,"t":1000},{"x":94,"y":312,"t":1100},{"x":78,"y":330,"t":1200},{"x":63,"y":332,"t":1300},{"x":75,"y":330,"t":1400},{"x":90,"y":330,"t":1500},{"x":106,"y":330,"t":1600},{"x":121,"y":330,"t":1700},{"x":116,"y":330,"t":1800},{"x":101,"y":330,"t":1900},{"x":85,"y":330,"t":2000},{"x":70,"y":330,"t":2100},{"x":55,"y":336,"t":2200},{"x":65,"y":350,"t":2300},{"x":75,"y":367,"t":2400},{"x":90,"y":387,"t":2500},{"x":105,"y":390,"t":2600},{"x":121,"y":390,"t":2700},{"x":136,"y":390,"t":2800},{"x":151,"y":390,"t":2900},{"x":167,"y":390,"t":3000},{"x":182,"y":390,"t":3100},{"x":198,"y":390,"t":3200},{"x":213,"y":390,"t":3300},{"x":228,"y":390,"t":3400},{"x":244,"y":390,"t":3500},{"x":259,"y":390,"t":3600},{"x":274,"y":390,"t":3700},{"x":290,"y":390,"t":3800},{"x":305,"y":390,"t":3900},{"x":320,"y":390,"t":4000},{"x":336,"y":390,"t":4100},{"x":351,"y":378,"t":4200},{"x":344,"y":336,"t":4300},{"x":329,"y":324,"t":4400},{"x":314,"y":328,"t":4500},{"x":298,"y":330,"t":4600},{"x":283,"y":318,"t":4700},{"x":268,"y":276,"t":4800},{"x":252,"y":264,"t":4900},{"x":237,"y":268,"t":5000},{"x":228,"y":232,"t":5100},{"x":244,"y":208,"t":5200},{"x":259,"y":205,"t":5300},{"x":274,"y":214,"t":5400},{"x":290,"y":229,"t":5500},{"x":291,"y":186,"t":5600},{"x":278,"y":170,"t":5700}]', 1),
(9, 1, 9, NULL, 3968, '[{"x":97,"y":100,"t":0},{"x":82,"y":108,"t":100},{"x":78,"y":123,"t":200},{"x":78,"y":141,"t":300},{"x":78,"y":150,"t":400},{"x":91,"y":119,"t":500},{"x":106,"y":90,"t":600},{"x":121,"y":84,"t":700},{"x":137,"y":92,"t":800},{"x":152,"y":106,"t":900},{"x":168,"y":110,"t":1000},{"x":183,"y":110,"t":1100},{"x":198,"y":110,"t":1200},{"x":214,"y":110,"t":1300},{"x":229,"y":110,"t":1400},{"x":244,"y":110,"t":1500},{"x":260,"y":66,"t":1600},{"x":275,"y":46,"t":1700},{"x":290,"y":46,"t":1800},{"x":306,"y":56,"t":1900},{"x":321,"y":72,"t":2000},{"x":337,"y":90,"t":2100},{"x":343,"y":110,"t":2200},{"x":343,"y":131,"t":2300},{"x":343,"y":150,"t":2400},{"x":343,"y":150,"t":2500},{"x":327,"y":106,"t":2600},{"x":312,"y":86,"t":2700},{"x":297,"y":86,"t":2800},{"x":281,"y":96,"t":2900},{"x":266,"y":110,"t":3000},{"x":251,"y":110,"t":3100},{"x":235,"y":110,"t":3200},{"x":230,"y":110,"t":3300},{"x":245,"y":110,"t":3400},{"x":261,"y":110,"t":3500},{"x":276,"y":110,"t":3600},{"x":291,"y":110,"t":3700},{"x":307,"y":118,"t":3800},{"x":298,"y":133,"t":3900},{"x":290,"y":151,"t":4000},{"x":282,"y":171,"t":4100},{"x":279,"y":174,"t":4133}]', 1),
(15, 1, 9, NULL, 1488, '[{"x":102,"y":100,"t":0},{"x":111,"y":108,"t":100},{"x":116,"y":123,"t":200},{"x":130,"y":141,"t":300},{"x":130,"y":161,"t":400},{"x":145,"y":181,"t":500},{"x":160,"y":203,"t":600},{"x":176,"y":225,"t":700},{"x":191,"y":246,"t":800},{"x":206,"y":268,"t":900},{"x":222,"y":226,"t":1000},{"x":237,"y":206,"t":1100},{"x":252,"y":206,"t":1200},{"x":268,"y":216,"t":1300},{"x":283,"y":230,"t":1400},{"x":273,"y":181,"t":1500},{"x":268,"y":173,"t":1550}]', 0),
(16, 1, 11, NULL, 1264, '[{"x":100,"y":100,"t":0},{"x":112,"y":106,"t":100},{"x":112,"y":121,"t":200},{"x":115,"y":145,"t":300},{"x":140,"y":177,"t":400},{"x":174,"y":211,"t":500},{"x":192,"y":244,"t":600},{"x":221,"y":270,"t":700},{"x":255,"y":231,"t":800},{"x":288,"y":229,"t":900},{"x":320,"y":230,"t":1000},{"x":324,"y":223,"t":1100},{"x":312,"y":186,"t":1200},{"x":279,"y":170,"t":1300},{"x":279,"y":170,"t":1316}]', 1),
(17, 1, 12, NULL, 1344, '[{"x":100,"y":100,"t":0},{"x":117,"y":106,"t":100},{"x":120,"y":121,"t":200},{"x":120,"y":145,"t":300},{"x":124,"y":177,"t":400},{"x":153,"y":211,"t":500},{"x":187,"y":244,"t":600},{"x":215,"y":270,"t":700},{"x":216,"y":231,"t":800},{"x":238,"y":202,"t":900},{"x":272,"y":207,"t":1000},{"x":303,"y":221,"t":1100},{"x":310,"y":209,"t":1200},{"x":302,"y":176,"t":1300},{"x":276,"y":170,"t":1400}]', 1),
(18, 1, 13, NULL, 1248, '[{"x":100,"y":100,"t":0},{"x":112,"y":106,"t":100},{"x":112,"y":121,"t":200},{"x":112,"y":145,"t":300},{"x":120,"y":177,"t":400},{"x":152,"y":211,"t":500},{"x":185,"y":244,"t":600},{"x":213,"y":263,"t":700},{"x":216,"y":226,"t":800},{"x":232,"y":212,"t":900},{"x":266,"y":222,"t":1000},{"x":295,"y":230,"t":1100},{"x":295,"y":197,"t":1200},{"x":279,"y":171,"t":1300}]', 1);

-- --------------------------------------------------------

--
-- Structure de la table `skins`
--

CREATE TABLE `skins` (
  `id_s` int(11) NOT NULL,
  `title` varchar(255) DEFAULT NULL,
  `rarity` int(11) DEFAULT NULL,
  `price` int(11) DEFAULT NULL
) ENGINE=InnoDB DEFAULT CHARSET=utf8;

--
-- Contenu de la table `skins`
--

INSERT INTO `skins` (`id_s`, `title`, `rarity`, `price`) VALUES
(1, '0-0', 0, 100),
(2, '0-1', 0, 100),
(3, '0-2', 0, 100),
(4, '0-3', 0, 100),
(5, '0-4', 0, 100),
(6, '0-5', 0, 100),
(7, '0-6', 0, 100),
(8, '0-7', 0, 100),
(9, '0-8', 0, 100),
(10, '0-9', 0, 100),
(11, '0-10', 0, 100),
(12, '0-11', 0, 100),
(13, '0-12', 0, 100),
(14, '0-13', 0, 100),
(15, '0-14', 0, 100),
(16, '0-15', 0, 100),
(17, '0-16', 0, 100),
(18, '0-17', 0, 100),
(19, '0-18', 0, 100),
(20, '0-19', 0, 100),
(21, '0-20', 0, 100),
(22, '0-21', 0, 100),
(23, '0-22', 0, 100),
(24, '0-23', 0, 100),
(25, '0-24', 0, 100),
(26, '0-25', 0, 100),
(27, '0-26', 0, 100),
(28, '0-27', 0, 100),
(29, '0-28', 0, 100),
(30, '0-29', 0, 100),
(31, '0-30', 0, 100),
(32, '0-31', 0, 100),
(33, '0-32', 0, 100),
(34, '0-33', 0, 100),
(35, '0-34', 0, 100),
(36, '0-35', 0, 100),
(37, '0-36', 0, 100),
(38, '0-37', 0, 100),
(39, '0-38', 0, 100),
(40, '0-39', 0, 100),
(41, '0-40', 0, 100),
(42, '0-41', 0, 100),
(43, '0-42', 0, 100),
(44, '0-43', 0, 100),
(45, '0-44', 0, 100),
(46, '0-45', 0, 100),
(47, '0-46', 0, 100),
(48, '0-47', 0, 100),
(49, '0-48', 0, 100),
(50, '0-49', 0, 100),
(51, '1-0', 1, 100),
(52, '1-1', 1, 100),
(53, '1-2', 1, 100),
(54, '1-3', 1, 100),
(55, '1-4', 1, 100),
(56, '1-5', 1, 100),
(57, '1-6', 1, 100),
(58, '1-7', 1, 100),
(59, '1-8', 1, 100),
(60, '1-9', 1, 100),
(61, '1-10', 1, 100),
(62, '1-11', 1, 100),
(63, '1-12', 1, 100),
(64, '1-13', 1, 100),
(65, '1-14', 1, 100),
(66, '1-15', 1, 100),
(67, '1-16', 1, 100),
(68, '1-17', 1, 100),
(69, '1-18', 1, 100),
(70, '1-19', 1, 100),
(71, '1-20', 1, 100),
(72, '1-21', 1, 100),
(73, '1-22', 1, 100),
(74, '1-23', 1, 100),
(75, '1-24', 1, 100),
(76, '1-25', 1, 100),
(77, '1-26', 1, 100),
(78, '1-27', 1, 100),
(79, '1-28', 1, 100),
(80, '1-29', 1, 100),
(81, '2-0', 2, 100),
(82, '2-1', 2, 100),
(83, '2-2', 2, 100),
(84, '2-3', 2, 100),
(85, '2-4', 2, 100),
(86, '2-5', 2, 100),
(87, '2-6', 2, 100),
(88, '2-7', 2, 100),
(89, '2-8', 2, 100),
(90, '2-9', 2, 100),
(91, '2-10', 2, 100),
(92, '2-11', 2, 100),
(93, '2-12', 2, 100),
(94, '2-13', 2, 100),
(95, '2-14', 2, 100),
(96, '2-15', 2, 100),
(97, '2-16', 2, 100),
(98, '2-17', 2, 100),
(99, '2-18', 2, 100),
(100, '2-19', 2, 100),
(101, '2-20', 2, 100),
(102, '2-21', 2, 100),
(103, '2-22', 2, 100),
(104, '2-23', 2, 100),
(105, '2-24', 2, 100),
(106, '2-25', 2, 100),
(107, '2-26', 2, 100),
(108, '2-27', 2, 100),
(109, '2-28', 2, 100),
(110, '2-29', 2, 100),
(111, '3-0', 3, 100),
(112, '3-1', 3, 100),
(113, '3-2', 3, 100),
(114, '3-3', 3, 100),
(115, '3-4', 3, 100),
(116, '3-5', 3, 100),
(117, '3-6', 3, 100),
(118, '3-7', 3, 100),
(119, '3-8', 3, 100),
(120, '3-9', 3, 100),
(121, '3-10', 3, 100),
(122, '3-11', 3, 100),
(123, '3-12', 3, 100),
(124, '3-13', 3, 100),
(125, '3-14', 3, 100),
(126, '3-15', 3, 100),
(127, '3-16', 3, 100),
(128, '3-17', 3, 100),
(129, '3-18', 3, 100),
(130, '3-19', 3, 100),
(131, '3-20', 3, 100),
(132, '3-21', 3, 100),
(133, '3-22', 3, 100),
(134, '3-23', 3, 100),
(135, '3-24', 3, 100),
(136, '3-25', 3, 100),
(137, '3-26', 3, 100),
(138, '3-27', 3, 100),
(139, '3-28', 3, 100),
(140, '3-29', 3, 100);

-- --------------------------------------------------------

--
-- Structure de la table `users`
--

CREATE TABLE `users` (
  `id_u` int(11) NOT NULL,
  `login` varchar(255) DEFAULT NULL,
  `password` varchar(255) DEFAULT NULL,
  `token` text,
  `elo` int(11) DEFAULT NULL,
  `sigma` int(11) DEFAULT NULL,
  `xp` int(11) DEFAULT NULL,
  `golds` int(11) DEFAULT NULL,
  `gems` int(11) DEFAULT NULL,
  `nextdrop` int(11) DEFAULT NULL
) ENGINE=InnoDB DEFAULT CHARSET=utf8;

--
-- Contenu de la table `users`
--

INSERT INTO `users` (`id_u`, `login`, `password`, `token`, `elo`, `sigma`, `xp`, `golds`, `gems`, `nextdrop`) VALUES
(1, 'elbazia', 'aze', 'eyJhbGciOiJIUzI1NiIsInR5cCI6IkpXVCJ9.eyJpZCI6MSwibG9naW4iOiJlbGJhemlhIiwicGFzc3dvcmQiOiJhemUiLCJpYXQiOjE0NjQwODE1MTl9.OfPqyjKSZieMpZE0HvLwyzhE_kEX-7CYh84VFs3eIgo', 1852, 48, 36043, 593430, 0, 0),
(2, 'elgringo', 'aze', 'eyJhbGciOiJIUzI1NiIsInR5cCI6IkpXVCJ9.eyJpZCI6MiwibG9naW4iOiJlbGdyaW5nbyIsInBhc3N3b3JkIjoiYXplIiwiaWF0IjoxNDY0MDgxNTY5fQ.ecdH90SCSsev-jLsPq--ZJnIJpRb2OC86rHKy2IFnSc', 1060, 51, 19592, 19592, 0, 0),
(3, 'coco', 'aze', 'eyJhbGciOiJIUzI1NiIsInR5cCI6IkpXVCJ9.eyJpZCI6MywibG9naW4iOiJjb2NvIiwicGFzc3dvcmQiOiJhemUiLCJpYXQiOjE0NjQwODE2MTB9.DOKbxsYqdlp-cbNJQ1KBtU3QqCLn6qZRiSFiw2H3SNs', 1668, 48, 31181, 31181, 0, 0),
(4, 'mdr', 'aze', 'eyJhbGciOiJIUzI1NiIsInR5cCI6IkpXVCJ9.eyJpZCI6NCwibG9naW4iOiJtZHIiLCJwYXNzd29yZCI6ImF6ZSIsImlhdCI6MTQ2NDEyMjUxN30.jpJELPTIEp2b3H1IclaF79iViY4ZXIs7iFAERTYfqiY', 2036, 48, 37467, 37467, 0, 0),
(5, 'lol', 'aze', 'eyJhbGciOiJIUzI1NiIsInR5cCI6IkpXVCJ9.eyJpZCI6NSwibG9naW4iOiJsb2wiLCJwYXNzd29yZCI6ImF6ZSIsImlhdCI6MTQ2NDEyMjUzMX0.v1cr9PFKKjmX61t0RmJZgU9xIwVprjiXUPmT1ISD7xk', 1481, 48, 26149, 26149, 0, 0),
(6, 'juif', 'aze', 'eyJhbGciOiJIUzI1NiIsInR5cCI6IkpXVCJ9.eyJpZCI6NiwibG9naW4iOiJqdWlmIiwicGFzc3dvcmQiOiJhemUiLCJpYXQiOjE0NjQxMjI1NDR9.a9Eo8p27vY8IzW2ZIMma1gqe4uRAcTiUXyFdM_pRaag', 811, 54, 15573, 15573, 0, 0),
(7, 'caca', 'aze', 'eyJhbGciOiJIUzI1NiIsInR5cCI6IkpXVCJ9.eyJpZCI6NywibG9naW4iOiJjYWNhIiwicGFzc3dvcmQiOiJhemUiLCJpYXQiOjE0NjQxMjI1NTh9.tjLQ8-36Gzh7Zi3GL46viwG69ciRwNc8g_yKspivluE', 1279, 49, 22605, 22605, 0, 0),
(8, 'pipi', 'aze', 'eyJhbGciOiJIUzI1NiIsInR5cCI6IkpXVCJ9.eyJpZCI6OCwibG9naW4iOiJwaXBpIiwicGFzc3dvcmQiOiJhemUiLCJpYXQiOjE0NjQxMjI1NzV9.TdF_bs7vwVzv4AxLIqv4iJmHyabVtsKv49_nPP4e6OQ', 2437, 49, 17800, 17800, 0, 0),
(9, 'xptdr', 'aze', 'eyJhbGciOiJIUzI1NiIsInR5cCI6IkpXVCJ9.eyJpZCI6OSwibG9naW4iOiJ4cHRkciIsInBhc3N3b3JkIjoiYXplIiwiaWF0IjoxNDY0MTIyNTk5fQ.cHhmhRTgR3752fW2G2IqDStb8i85HxYPr9t3USObu78', 495, 59, 13486, 12086, 0, 0),
(10, 'elbazia2', 'aze', 'eyJhbGciOiJIUzI1NiIsInR5cCI6IkpXVCJ9.eyJpZCI6MTAsImxvZ2luIjoiZWxiYXppYTIiLCJwYXNzd29yZCI6ImF6ZSIsImlhdCI6MTQ2NDE4OTgwOX0.tqmr1jUzAXftqZV9vT-Z6HD6fbtsJxipMrfGswf5-Tg', 1500, 500, 0, 0, 0, NULL),
(11, 'nana', 'aze', 'eyJhbGciOiJIUzI1NiIsInR5cCI6IkpXVCJ9.eyJpZCI6MTEsImxvZ2luIjoibmFuYSIsInBhc3N3b3JkIjoiYXplIiwiaWF0IjoxNDY0Nzc2MzkzfQ.rnjygZxAJhZGwTV9VyjJxBm3wKfEGIEh8ZHTanG-qiU', 2415, 50, 42883, 42883, 0, NULL),
(12, 'lala', 'aze', 'eyJhbGciOiJIUzI1NiIsInR5cCI6IkpXVCJ9.eyJpZCI6MTIsImxvZ2luIjoibGFsYSIsInBhc3N3b3JkIjoiYXplIiwiaWF0IjoxNDY0OTQyODc2fQ.xb30t9bJarFWf17NxKLvp-gdwxc3vJejaVA2wwMNr1M', 2218, 49, 33439, 33439, 0, NULL),
(13, 'koak', 'aze', 'eyJhbGciOiJIUzI1NiIsInR5cCI6IkpXVCJ9.eyJpZCI6MTMsImxvZ2luIjoia29hayIsInBhc3N3b3JkIjoiYXplIiwiaWF0IjoxNDY0OTQyOTY3fQ.qjX-dBzm4aNYgldHh8_W5KyHUtjfqekj-3I66WypawQ', 2631, 60, 31744, 31744, 0, NULL);

-- --------------------------------------------------------

--
-- Structure de la table `user_skin`
--

CREATE TABLE `user_skin` (
  `id_us` int(11) NOT NULL,
  `id_u` int(11) DEFAULT NULL,
  `id_s` int(11) DEFAULT NULL
) ENGINE=InnoDB DEFAULT CHARSET=utf8;

--
-- Contenu de la table `user_skin`
--

INSERT INTO `user_skin` (`id_us`, `id_u`, `id_s`) VALUES
(1, 1, 104),
(2, 1, 57),
(3, 1, 31),
(4, 1, 40),
(5, 1, 9),
(6, 1, 80),
(7, 1, 21),
(8, 1, 56),
(9, 1, 28),
(10, 1, 23),
(11, 1, 19),
(12, 1, 16),
(13, 1, 24),
(14, 1, 42),
(15, 1, 12),
(16, 1, 54),
(17, 1, 46),
(18, 1, 13),
(19, 1, 6),
(20, 1, 17),
(21, 1, 2),
(22, 1, 32),
(23, 1, 34),
(24, 1, 41),
(25, 1, 4),
(26, 1, 39),
(27, 1, 3),
(28, 1, 48),
(29, 1, 43),
(30, 1, 76),
(31, 1, 59),
(32, 1, 87),
(33, 1, 49),
(34, 1, 67),
(35, 1, 35),
(36, 1, 62),
(37, 1, 60),
(38, 1, 66),
(39, 1, 8),
(40, 1, 44),
(41, 1, 84),
(42, 1, 52),
(43, 1, 1),
(44, 1, 77),
(45, 1, 102),
(46, 1, 30),
(47, 1, 25),
(48, 1, 26),
(49, 1, 58),
(50, 1, 33),
(51, 1, 68),
(52, 1, 78),
(53, 1, 38),
(54, 1, 10),
(55, 1, 20),
(56, 1, 70),
(57, 1, 47),
(58, 1, 15),
(59, 1, 97),
(60, 1, 55),
(61, 1, 18),
(62, 1, 27),
(63, 1, 72),
(64, 1, 7),
(65, 1, 53),
(66, 1, 5),
(67, 1, 65),
(68, 1, 75),
(69, 1, 64),
(70, 1, 50),
(71, 1, 11),
(72, 1, 37),
(73, 1, 91),
(74, 1, 22),
(75, 1, 79),
(76, 1, 29),
(77, 1, 105),
(78, 1, 45),
(79, 1, 96),
(80, 1, 14),
(81, 1, 73),
(82, 1, 86),
(83, 1, 106),
(84, 1, 63),
(85, 1, 95),
(86, 1, 101),
(87, 1, 109),
(88, 1, 81),
(89, 1, 71),
(90, 1, 94),
(91, 1, 51),
(92, 1, 100);

--
-- Index pour les tables exportées
--

--
-- Index pour la table `followers`
--
ALTER TABLE `followers`
  ADD PRIMARY KEY (`id_f`);

--
-- Index pour la table `maps`
--
ALTER TABLE `maps`
  ADD PRIMARY KEY (`id_m`);

--
-- Index pour la table `runs`
--
ALTER TABLE `runs`
  ADD PRIMARY KEY (`id_r`);

--
-- Index pour la table `skins`
--
ALTER TABLE `skins`
  ADD PRIMARY KEY (`id_s`);

--
-- Index pour la table `users`
--
ALTER TABLE `users`
  ADD PRIMARY KEY (`id_u`);

--
-- Index pour la table `user_skin`
--
ALTER TABLE `user_skin`
  ADD PRIMARY KEY (`id_us`);

--
-- AUTO_INCREMENT pour les tables exportées
--

--
-- AUTO_INCREMENT pour la table `followers`
--
ALTER TABLE `followers`
  MODIFY `id_f` int(11) NOT NULL AUTO_INCREMENT;
--
-- AUTO_INCREMENT pour la table `maps`
--
ALTER TABLE `maps`
  MODIFY `id_m` int(11) NOT NULL AUTO_INCREMENT, AUTO_INCREMENT=2;
--
-- AUTO_INCREMENT pour la table `runs`
--
ALTER TABLE `runs`
  MODIFY `id_r` int(11) NOT NULL AUTO_INCREMENT, AUTO_INCREMENT=19;
--
-- AUTO_INCREMENT pour la table `skins`
--
ALTER TABLE `skins`
  MODIFY `id_s` int(11) NOT NULL AUTO_INCREMENT, AUTO_INCREMENT=141;
--
-- AUTO_INCREMENT pour la table `users`
--
ALTER TABLE `users`
  MODIFY `id_u` int(11) NOT NULL AUTO_INCREMENT, AUTO_INCREMENT=14;
--
-- AUTO_INCREMENT pour la table `user_skin`
--
ALTER TABLE `user_skin`
  MODIFY `id_us` int(11) NOT NULL AUTO_INCREMENT, AUTO_INCREMENT=93;
/*!40101 SET CHARACTER_SET_CLIENT=@OLD_CHARACTER_SET_CLIENT */;
/*!40101 SET CHARACTER_SET_RESULTS=@OLD_CHARACTER_SET_RESULTS */;
/*!40101 SET COLLATION_CONNECTION=@OLD_COLLATION_CONNECTION */;
