-- phpMyAdmin SQL Dump
-- version 4.5.1
-- http://www.phpmyadmin.net
--
-- Client :  127.0.0.1
-- Généré le :  Mer 08 Juin 2016 à 16:35
-- Version du serveur :  10.1.9-MariaDB
-- Version de PHP :  5.6.15

SET SQL_MODE = "NO_AUTO_VALUE_ON_ZERO";
SET time_zone = "+00:00";


/*!40101 SET @OLD_CHARACTER_SET_CLIENT=@@CHARACTER_SET_CLIENT */;
/*!40101 SET @OLD_CHARACTER_SET_RESULTS=@@CHARACTER_SET_RESULTS */;
/*!40101 SET @OLD_COLLATION_CONNECTION=@@COLLATION_CONNECTION */;
/*!40101 SET NAMES utf8mb4 */;

--
-- Base de données :  `platformer`
--

-- --------------------------------------------------------

--
-- Structure de la table `achievements`
--

CREATE TABLE `achievements` (
  `id_a` int(11) NOT NULL,
  `title` varchar(255) DEFAULT NULL,
  `description` text,
  `conditions` text,
  `rewards` text,
  `difficulty` int(11) DEFAULT NULL
) ENGINE=InnoDB DEFAULT CHARSET=utf8;

--
-- Contenu de la table `achievements`
--

INSERT INTO `achievements` (`id_a`, `title`, `description`, `conditions`, `rewards`, `difficulty`) VALUES
(1, 'Achieve 1', 'azeazeaeaea', '{"xp":10000}', '{"xp":4}', 1);

-- --------------------------------------------------------

--
-- Structure de la table `followers`
--

CREATE TABLE `followers` (
  `id_f` int(11) NOT NULL,
  `id_follower` int(11) DEFAULT NULL,
  `id_followed` int(11) DEFAULT NULL
) ENGINE=InnoDB DEFAULT CHARSET=utf8;

-- --------------------------------------------------------

--
-- Structure de la table `maps`
--

CREATE TABLE `maps` (
  `id_m` int(11) NOT NULL,
  `timestamp` int(11) DEFAULT NULL,
  `tiles` text,
  `player` text,
  `master` int(11) DEFAULT NULL,
  `gold` int(11) DEFAULT NULL,
  `silver` int(11) DEFAULT NULL,
  `bronze` int(11) DEFAULT NULL
) ENGINE=InnoDB DEFAULT CHARSET=utf8;

--
-- Contenu de la table `maps`
--

INSERT INTO `maps` (`id_m`, `timestamp`, `tiles`, `player`, `master`, `gold`, `silver`, `bronze`) VALUES
(1, 1463221362, '[[0,0,0,0,0,0,0,0,0,0,0,0,1,0,0,0,0,0,0,0],[0,0,0,0,0,0,0,0,0,0,0,0,1,0,0,0,0,0,0,0],[0,0,0,0,0,0,0,0,1,0,0,0,1,0,0,0,0,0,0,0],[0,0,0,0,0,0,0,0,1,0,0,0,1,0,0,0,0,0,0,0],[0,0,0,0,0,0,0,0,0,0,0,0,1,0,0,0,0,1,0,0],[0,0,0,0,0,0,0,0,0,0,0,0,1,0,0,0,0,1,0,0],[0,0,0,0,0,0,0,0,0,0,0,0,0,0,0,0,0,1,0,0],[0,0,0,0,0,0,1,1,0,0,0,0,0,0,0,0,0,1,0,0],[0,0,0,0,0,0,1,0,0,0,0,0,0,0,1,0,0,1,0,0],[0,0,0,0,0,0,1,0,0,0,0,0,0,0,1,0,0,1,0,0],[0,0,0,0,0,0,1,0,0,0,0,0,0,0,1,0,0,1,0,0],[0,0,0,0,0,0,1,0,0,0,0,0,0,0,1,0,0,1,0,0],[0,0,0,0,0,0,1,0,0,0,0,0,0,0,0,0,0,1,0,0],[0,0,0,0,0,0,1,1,2,0,0,0,0,0,0,0,0,1,0,0],[0,0,0,0,0,0,0,0,0,0,0,0,1,0,0,0,0,1,0,0],[0,0,0,0,0,0,0,0,0,0,0,0,1,0,0,0,0,1,0,0],[0,0,0,0,0,0,0,0,0,0,0,0,1,0,0,0,0,0,0,0],[0,0,0,0,0,0,0,0,1,0,0,0,1,0,0,0,0,0,0,0],[0,0,0,0,0,0,0,0,1,0,0,0,1,0,0,0,0,0,0,0],[0,0,0,0,0,0,0,0,0,0,0,0,1,0,0,0,0,0,0,0]]', '{"x":100,"y":100}', 1100, 1248, 1536, 3376),
(2, 1463221362, '[[1,0,0,0,0,0,0,0,0,0,0,0,1,0,0,0,0,0,0,0],[0,0,0,0,0,0,0,0,0,0,0,0,1,0,0,0,0,0,0,0],[0,0,0,0,0,0,0,0,1,0,0,0,1,0,0,0,0,0,0,0],[0,0,0,0,0,0,0,0,1,0,0,0,1,0,0,0,0,0,0,0],[0,0,0,0,0,0,0,0,0,0,0,0,1,0,0,0,0,1,0,0],[0,0,0,0,0,0,0,0,0,0,0,0,1,0,0,0,0,1,0,0],[0,0,0,0,0,0,0,0,0,0,0,0,0,0,0,0,0,1,0,0],[0,0,0,0,0,0,1,1,0,0,0,0,0,0,0,0,0,1,0,0],[0,0,0,0,0,0,1,0,0,0,0,0,0,0,1,0,0,1,0,0],[0,0,0,0,0,0,1,0,0,0,0,0,0,0,1,0,0,1,0,0],[0,0,0,0,0,0,1,0,0,0,0,0,0,0,1,0,0,1,0,0],[0,0,0,0,0,0,1,0,0,0,0,0,0,0,1,0,0,1,0,0],[0,0,0,0,0,0,1,0,0,0,0,0,0,0,0,0,0,1,0,0],[0,0,0,0,0,0,1,1,2,0,0,0,0,0,0,0,0,1,0,0],[0,0,0,0,0,0,0,0,0,0,0,0,1,0,0,0,0,1,0,0],[0,0,0,0,0,0,0,0,0,0,0,0,1,0,0,0,0,1,0,0],[0,0,0,0,0,0,0,0,0,0,0,0,1,0,0,0,0,0,0,0],[0,0,0,0,0,0,0,0,1,0,0,0,1,0,0,0,0,0,0,0],[0,0,0,0,0,0,0,0,1,0,0,0,1,0,0,0,0,0,0,0],[0,0,0,0,0,0,0,0,0,0,0,0,1,0,0,0,0,0,0,0]]', '{"x":100,"y":100}', 1856, 1856, 1856, 1856);

-- --------------------------------------------------------

--
-- Structure de la table `runs`
--

CREATE TABLE `runs` (
  `id_r` int(11) NOT NULL,
  `id_m` int(11) DEFAULT NULL,
  `id_u` int(11) DEFAULT NULL,
  `id_s` int(11) DEFAULT NULL,
  `time` int(11) DEFAULT NULL,
  `positions` text,
  `ranked` tinyint(1) DEFAULT NULL
) ENGINE=InnoDB DEFAULT CHARSET=utf8;

--
-- Contenu de la table `runs`
--

INSERT INTO `runs` (`id_r`, `id_m`, `id_u`, `id_s`, `time`, `positions`, `ranked`) VALUES
(1, 1, 1, NULL, 1568, '102;100;0|111;108;100|111;123;200|111;141;300|126;161;400|142;181;500|157;203;600|172;225;700|188;246;800|203;268;900|218;270;1000|234;221;1100|249;205;1200|264;207;1300|280;218;1400|286;218;1500|281;176;1600|278;173;1633', 1),
(2, 1, 2, NULL, 2864, '97;100;0|86;108;100|86;123;200|98;141;300|112;161;400|112;181;500|102;203;600|112;225;700|128;230;800|143;236;900|147;250;1000|147;267;1100|147;287;1200|155;308;1300|170;329;1400|185;330;1500|201;330;1600|216;330;1700|231;330;1800|247;330;1900|262;330;2000|271;281;2100|255;265;2200|240;267;2300|231;239;2400|247;210;2500|262;204;2600|277;212;2700|288;226;2800|283;192;2900|273;173;2983', 1),
(3, 1, 3, NULL, 1968, '102;100;0|111;108;100|111;123;200|113;141;300|129;161;400|144;181;500|155;203;600|145;225;700|142;246;800|157;268;900|173;270;1000|188;270;1100|203;270;1200|219;258;1300|234;216;1400|249;204;1500|265;208;1600|280;221;1700|295;218;1800|299;176;1900|284;171;2000|279;173;2050', 1),
(4, 1, 4, NULL, 1536, '102;100;0|113;108;100|113;123;200|129;141;300|130;161;400|145;181;500|160;203;600|176;225;700|191;246;800|206;268;900|222;226;1000|237;206;1100|252;206;1200|268;216;1300|283;230;1400|289;199;1500|279;173;1600', 1),
(5, 1, 5, NULL, 2144, '97;100;0|82;108;100|66;123;200|65;141;300|75;138;400|91;96;500|106;84;600|121;88;700|137;101;800|152;110;900|168;110;1000|183;110;1100|198;110;1200|214;110;1300|229;110;1400|244;110;1500|260;110;1600|275;110;1700|290;110;1800|304;118;1900|290;133;2000|290;151;2100|282;171;2200|279;174;2233', 1),
(6, 1, 6, NULL, 3376, '97;100;0|82;108;100|66;123;200|60;141;300|60;150;400|45;138;500|29;96;600|14;84;700|12;88;800|27;101;900|43;117;1000|58;137;1100|74;138;1200|89;96;1300|104;84;1400|120;88;1500|135;101;1600|150;110;1700|166;110;1800|181;110;1900|196;110;2000|212;79;2100|227;50;2200|242;44;2300|258;52;2400|273;66;2500|289;84;2600|304;103;2700|308;124;2800|308;146;2900|308;167;3000|308;189;3100|308;211;3200|305;230;3300|290;208;3400|274;173;3500|274;173;3516', 1),
(7, 1, 7, NULL, 2560, '102;100;0|111;108;100|111;123;200|111;141;300|118;161;400|134;181;500|149;203;600|145;225;700|134;246;800|134;268;900|141;290;1000|157;312;1100|172;330;1200|188;330;1300|203;330;1400|218;330;1500|234;330;1600|249;330;1700|255;281;1800|247;265;1900|232;267;2000|228;232;2100|239;208;2200|254;205;2300|269;214;2400|278;229;2500|273;186;2600|265;173;2666', 1),
(8, 1, 8, NULL, 1100, '102;100;0|108;108;100|108;123;200|108;141;300|124;161;400|130;181;500|130;203;600|130;225;700|130;246;800|124;268;900|109;290;1000|94;312;1100|78;330;1200|63;332;1300|75;330;1400|90;330;1500|106;330;1600|121;330;1700|116;330;1800|101;330;1900|85;330;2000|70;330;2100|55;336;2200|65;350;2300|75;367;2400|90;387;2500|105;390;2600|121;390;2700|136;390;2800|151;390;2900|167;390;3000|182;390;3100|198;390;3200|213;390;3300|228;390;3400|244;390;3500|259;390;3600|274;390;3700|290;390;3800|305;390;3900|320;390;4000|336;390;4100|351;378;4200|344;336;4300|329;324;4400|314;328;4500|298;330;4600|283;318;4700|268;276;4800|252;264;4900|237;268;5000|228;232;5100|244;208;5200|259;205;5300|274;214;5400|290;229;5500|291;186;5600|278;170;5700', 1),
(9, 1, 9, NULL, 3968, '97;100;0|82;108;100|78;123;200|78;141;300|78;150;400|91;119;500|106;90;600|121;84;700|137;92;800|152;106;900|168;110;1000|183;110;1100|198;110;1200|214;110;1300|229;110;1400|244;110;1500|260;66;1600|275;46;1700|290;46;1800|306;56;1900|321;72;2000|337;90;2100|343;110;2200|343;131;2300|343;150;2400|343;150;2500|327;106;2600|312;86;2700|297;86;2800|281;96;2900|266;110;3000|251;110;3100|235;110;3200|230;110;3300|245;110;3400|261;110;3500|276;110;3600|291;110;3700|307;118;3800|298;133;3900|290;151;4000|282;171;4100|279;174;4133', 1),
(15, 1, 9, NULL, 1488, '102;100;0|111;108;100|116;123;200|130;141;300|130;161;400|145;181;500|160;203;600|176;225;700|191;246;800|206;268;900|222;226;1000|237;206;1100|252;206;1200|268;216;1300|283;230;1400|273;181;1500|268;173;1550', 0),
(16, 1, 11, NULL, 1264, '100;100;0|112;106;100|112;121;200|115;145;300|140;177;400|174;211;500|192;244;600|221;270;700|255;231;800|288;229;900|320;230;1000|324;223;1100|312;186;1200|279;170;1300|279;170;1316', 1),
(17, 1, 12, NULL, 1344, '100;100;0|117;106;100|120;121;200|120;145;300|124;177;400|153;211;500|187;244;600|215;270;700|216;231;800|238;202;900|272;207;1000|303;221;1100|310;209;1200|302;176;1300|276;170;1400', 1),
(18, 1, 13, NULL, 1248, '100;100;0|112;106;100|112;121;200|112;145;300|120;177;400|152;211;500|185;244;600|213;263;700|216;226;800|232;212;900|266;222;1000|295;230;1100|295;197;1200|279;171;1300', 1),
(19, 1, 14, NULL, 10720, '100;100;0|117;106;100|120;121;200|120;145;300|120;177;400|124;211;500|153;244;600|187;270;700|220;270;800|254;270;900|288;276;1000|321;291;1100|352;315;1200|360;347;1300|352;381;1400|321;390;1500|288;390;1600|254;390;1700|220;390;1800|187;390;1900|153;390;2000|120;390;2100|86;390;2200|52;390;2300|19;351;2400|10;348;2500|10;353;2600|10;361;2700|10;372;2800|36;333;2900|43;304;3000|72;294;3100|106;303;3200|139;321;3300|173;330;3400|206;330;3500|240;330;3600|274;330;3700|286;291;3800|269;270;3900|235;270;4000|202;270;4100|168;249;4200|134;216;4300|101;214;4400|67;227;4500|34;230;4600|10;230;4700|10;197;4800|10;166;4900|10;169;5000|10;174;5100|36;136;5200|34;107;5300|10;112;5400|10;122;5500|22;117;5600|38;82;5700|26;59;5800|10;65;5900|10;75;6000|10;88;6100|36;49;6200|65;20;6300|98;19;6400|132;32;6500|166;52;6600|199;82;6700|233;110;6800|266;83;6900|300;67;7000|334;77;7100|367;95;7200|390;116;7300|366;86;7400|363;60;7500|389;67;7600|390;79;7700|378;75;7800|361;40;7900|373;45;8000|390;58;8100|390;72;8200|383;77;8300|345;41;8400|306;17;8500|268;23;8600|230;38;8700|191;62;8800|153;94;8900|114;111;9000|76;120;9100|38;138;9200|10;162;9300|10;177;9400|10;191;9500|10;206;9600|10;220;9700|22;230;9800|54;230;9900|88;230;10000|122;230;10100|155;233;10200|184;245;10300|189;266;10400|201;237;10500|234;206;10600|267;195;10700|300;205;10800|312;223;10900|312;223;11000|295;186;11100|278;171;11166', 1),
(20, 1, 15, NULL, 13552, '100;100;0|112;106;100|112;121;200|112;145;300|117;177;400|146;211;500|180;244;600|213;270;700|247;270;800|280;275;900|314;288;1000|348;311;1100|381;341;1200|390;362;1300|390;377;1400|387;390;1500|362;390;1600|328;390;1700|294;390;1800|261;390;1900|227;390;2000|194;390;2100|160;390;2200|126;390;2300|93;390;2400|59;390;2500|26;357;2600|10;354;2700|10;360;2800|36;322;2900|43;292;3000|72;282;3100|106;292;3200|139;310;3300|173;330;3400|206;330;3500|240;330;3600|274;330;3700|307;303;3800|341;281;3900|374;289;4000|390;304;4100|390;318;4200|390;332;4300|390;347;4400|363;309;4500|366;279;4600|390;284;4700|390;294;4800|390;308;4900|390;322;5000|390;336;5100|390;351;5200|363;313;5300|366;298;5400|390;308;5500|390;322;5600|390;336;5700|373;323;5800|339;289;5900|306;270;6000|272;276;6100|250;290;6200|238;305;6300|205;326;6400|171;330;6500|164;330;6600|164;330;6700|159;330;6800|144;297;6900|156;270;7000|189;270;7100|202;249;7200|185;216;7300|151;209;7400|118;219;7500|84;230;7600|50;230;7700|17;209;7800|10;176;7900|10;150;8000|26;151;8100|34;136;8200|50;101;8300|84;99;8400|118;111;8500|151;110;8600|185;110;8700|218;83;8800|252;51;8900|286;50;9000|319;62;9100|353;83;9200|386;112;9300|373;103;9400|361;69;9500|378;44;9600|390;43;9700|390;49;9800|390;58;9900|390;70;10000|390;84;10100|390;98;10200|370;85;10300|332;51;10400|294;26;10500|255;10;10600|217;13;10700|178;25;10800|140;46;10900|102;76;11000|63;109;11100|25;143;11200|10;167;11300|10;181;11400|10;196;11500|22;213;11600|54;230;11700|88;230;11800|122;230;11900|155;233;12000|189;245;12100|222;266;12200|256;237;12300|290;222;12400|323;230;12500|357;230;12600|390;230;12700|390;197;12800|385;190;12900|356;198;13000|322;215;13100|289;230;13200|282;230;13300|282;197;13400|282;182;13500|282;191;13600|282;209;13700|282;230;13800|282;230;13900|282;203;14000|274;171;14100|274;171;14116', 1),
(21, 1, 16, NULL, 12480, '100;100;0|112;106;100|112;121;200|112;145;300|117;177;400|146;211;500|180;244;600|213;263;700|247;226;800|280;198;900|314;203;1000|348;216;1100|381;216;1200|390;181;1300|390;154;1400|390;142;1500|382;146;1600|371;150;1700|371;136;1800|354;101;1900|321;74;2000|287;56;2100|254;52;2200|220;61;2300|186;79;2400|153;106;2500|119;110;2600|86;118;2700|64;135;2800|71;150;2900|102;151;3000|130;160;3100|161;176;3200|169;201;3300|169;233;3400|170;267;3500|191;256;3600|225;221;3700|258;208;3800|292;217;3900|313;230;4000|313;230;4100|313;230;4200|313;197;4300|314;166;4400|335;144;4500|364;149;4600|367;150;4700|367;117;4800|367;86;4900|372;64;5000|390;68;5100|390;77;5200|363;39;5300|366;10;5400|390;15;5500|390;25;5600|390;38;5700|390;52;5800|390;67;5900|364;45;6000|326;13;6100|287;13;6200|249;25;6300|210;46;6400|172;76;6500|134;109;6600|95;143;6700|57;150;6800|18;150;6900|10;157;7000|16;157;7100|38;120;7200|30;92;7300|10;73;7400|10;62;7500|10;60;7600|34;28;7700|36;10;7800|10;18;7900|10;32;8000|10;46;8100|10;61;8200|10;75;8300|10;90;8400|10;104;8500|26;122;8600|60;149;8700|94;150;8800|127;156;8900|152;170;9000|186;192;9100|219;222;9200|253;256;9300|286;289;9400|320;323;9500|354;357;9600|387;390;9700|390;390;9800|387;390;9900|387;363;10000|375;331;10100|342;307;10200|309;297;10300|275;305;10400|242;321;10500|208;330;10600|174;330;10700|141;316;10800|124;281;10900|136;271;11000|169;270;11100|202;263;11200|236;226;11300|270;218;11400|303;229;11500|335;230;11600|334;197;11700|305;182;11800|271;191;11900|238;209;12000|212;236;12100|210;269;12200|210;270;12300|214;231;12400|243;202;12500|277;196;12600|298;207;12700|299;227;12800|294;197;12900|271;171;13000', 1),
(22, 1, 17, NULL, 12784, '100;100;0|100;106;100|100;121;200|100;145;300|100;177;400|100;211;500|100;216;600|100;181;700|100;154;800|83;136;900|54;141;1000|49;143;1100|54;106;1200|83;78;1300|116;68;1400|150;78;1500|184;96;1600|217;96;1700|251;61;1800|284;34;1900|318;19;2000|351;25;2100|363;40;2200|363;64;2300|362;96;2400|362;129;2500|362;143;2600|354;106;2700|323;78;2800|289;83;2900|256;96;3000|222;96;3100|188;61;3200|155;34;3300|121;16;3400|88;10;3500|62;18;3600|60;35;3700|48;60;3800|15;93;3900|10;110;4000|30;89;4100|38;73;4200|16;82;4300|10;97;4400|36;59;4500|34;57;4600|10;69;4700|22;65;4800|38;35;4900|26;42;5000|10;55;5100|10;70;5200|10;84;5300|10;99;5400|34;69;5500|36;60;5600|10;71;5700|10;85;5800|36;47;5900|34;45;6000|10;57;6100|10;72;6200|10;86;6300|10;101;6400|36;62;6500|34;60;6600|10;73;6700|10;87;6800|10;102;6900|36;63;7000|34;55;7100|10;66;7200|10;80;7300|22;76;7400|38;41;7500|26;46;7600|10;59;7700|10;73;7800|10;88;7900|10;102;8000|10;116;8100|41;78;8200|74;49;8300|108;54;8400|142;67;8500|175;90;8600|209;103;8700|242;66;8800|276;58;8900|310;69;9000|343;88;9100|377;116;9200|378;122;9300|361;98;9400|373;106;9500|390;121;9600|390;135;9700|366;118;9800|363;126;9900|389;143;10000|383;149;10100|362;118;10200|369;124;10300|390;139;10400|390;153;10500|366;129;10600|363;136;10700|366;150;10800|340;150;10900|309;153;11000|302;165;11100|318;186;11200|318;216;11300|293;209;11400|259;176;11500|230;174;11600|226;187;11700|226;207;11800|238;237;11900|254;271;12000|254;304;12100|254;330;12200|254;323;12300|254;286;12400|254;258;12500|238;263;12600|226;263;12700|229;226;12800|254;218;12900|288;229;13000|301;230;13100|300;197;13200|278;170;13300|278;170;13316', 1),
(23, 1, 18, NULL, 7792, '100;100;0|104;101;33|112;103;66|117;106;100|120;110;133|120;115;166|120;121;200|120;128;233|120;136;266|120;145;300|120;155;333|120;166;366|120;177;400|120;188;433|120;199;466|124;211;500|132;222;533|142;233;566|153;244;600|164;255;633|176;267;666|187;263;700|198;249;733|209;237;766|220;226;800|232;221;833|243;222;866|254;224;900|265;227;933|276;230;966|288;230;1000|299;230;1033|310;230;1066|321;230;1100|332;230;1133|344;230;1166|355;216;1200|366;203;1233|377;191;1266|388;190;1300|390;191;1333|390;192;1366|390;194;1400|390;196;1433|390;198;1466|390;201;1500|390;204;1533|390;207;1566|390;211;1600|390;215;1633|390;219;1666|390;223;1700|387;228;1733|382;230;1766|373;230;1800|362;230;1833|350;230;1866|339;230;1900|328;230;1933|317;230;1966|306;230;2000|294;230;2033|283;230;2066|272;230;2100|261;230;2133|250;232;2166|238;235;2200|227;238;2233|216;243;2266|207;248;2300|202;255;2333|199;262;2366|200;270;2400|204;270;2433|211;270;2466|222;270;2500|233;270;2533|244;270;2566|255;270;2600|266;272;2633|278;275;2666|289;278;2700|300;283;2733|311;288;2766|322;295;2800|333;302;2833|340;311;2866|344;320;2900|345;330;2933|345;341;2966|345;353;3000|345;364;3033|342;375;3066|337;386;3100|328;390;3133|317;390;3166|306;390;3200|294;390;3233|283;390;3266|272;390;3300|261;390;3333|250;390;3366|238;390;3400|227;390;3433|216;390;3466|205;390;3500|194;390;3533|182;390;3566|171;390;3600|160;390;3633|149;390;3666|138;390;3700|126;390;3733|115;390;3766|104;390;3800|93;390;3833|82;390;3866|70;390;3900|59;390;3933|48;383;3966|37;369;4000|26;357;4033|14;346;4066|10;341;4100|10;342;4133|10;343;4166|10;344;4200|10;346;4233|10;348;4266|22;334;4300|32;321;4333|43;309;4366|54;299;4400|66;294;4433|77;295;4466|88;297;4500|99;300;4533|110;304;4566|122;309;4600|133;315;4633|144;322;4666|155;330;4700|166;330;4733|178;330;4766|189;330;4800|200;330;4833|211;330;4866|222;330;4900|234;330;4933|245;330;4966|256;323;5000|267;309;5033|278;297;5066|285;286;5100|289;276;5133|290;276;5166|287;278;5200|282;281;5233|273;284;5266|262;289;5300|250;294;5333|250;300;5366|238;305;5400|227;311;5433|216;318;5466|206;326;5500|199;330;5533|198;330;5566|201;330;5600|206;330;5633|215;330;5666|226;330;5700|238;330;5733|249;330;5766|260;316;5800|269;303;5833|274;291;5866|277;281;5900|276;276;5933|272;277;5966|265;279;6000|254;282;6033|250;286;6066|250;290;6100|250;295;6133|250;300;6166|238;305;6200|227;311;6233|218;318;6266|213;326;6300|211;330;6333|211;330;6366|211;330;6400|211;330;6433|214;330;6466|219;330;6500|228;330;6533|239;330;6566|249;323;6600|254;309;6633|257;297;6666|256;286;6700|252;276;6733|245;266;6766|234;258;6800|223;254;6833|212;255;6866|201;258;6900|190;261;6933|179;265;6966|172;270;7000|170;256;7033|170;243;7066|170;231;7100|174;221;7133|182;211;7166|192;211;7200|203;213;7233|214;216;7266|226;219;7300|237;224;7333|248;229;7366|259;236;7400|270;230;7433|282;230;7466|293;230;7500|304;230;7533|314;230;7566|319;230;7600|322;230;7633|321;230;7666|317;230;7700|310;230;7733|306;230;7766|306;230;7800|306;230;7833|306;230;7866|306;230;7900|306;223;7933|306;209;7966|304;197;8000|298;186;8033|290;176;8066|278;170;8100|278;170;8116', 1),
(25, 1, 20, NULL, 1376, '100;100;0|104;101;33|112;103;66|117;106;100|120;110;133|120;115;166|120;121;200|120;128;233|120;136;266|120;145;300|120;155;333|120;166;366|120;177;400|122;188;433|128;199;466|136;211;500|148;222;533|159;233;566|170;244;600|181;255;633|192;267;666|204;270;700|215;270;733|226;263;766|236;249;800|248;237;833|259;238;866|270;230;900|281;230;933|292;230;966|302;230;1000|305;230;1033|305;230;1066|305;230;1100|305;230;1133|305;230;1166|305;230;1200|305;230;1233|305;223;1266|303;209;1300|297;197;1333|288;186;1366|277;176;1400|272;171;1433', 1),
(26, 1, 21, NULL, 9488, '100;100;0|104;101;33|107;103;66|107;106;100|107;110;133|107;115;166|107;121;200|107;128;233|107;136;266|107;145;300|108;155;333|112;166;366|119;177;400|129;188;433|140;199;466|152;211;500|163;222;533|174;233;566|185;244;600|196;255;633|208;267;666|219;270;700|230;270;733|241;270;766|252;270;800|264;271;833|275;273;866|286;276;900|296;280;933|304;285;966|308;291;1000|308;298;1033|306;306;1066|300;315;1100|292;325;1133|280;330;1166|269;330;1200|258;330;1233|247;330;1266|236;330;1300|224;330;1333|213;330;1366|202;330;1400|191;330;1433|180;330;1466|168;330;1500|157;330;1533|146;330;1566|136;316;1600|128;303;1633|124;291;1666|124;281;1700|126;271;1733|132;270;1766|140;271;1800|152;270;1833|163;270;1866|174;270;1900|185;270;1933|196;270;1966|208;270;2000|219;270;2033|230;263;2066|241;249;2100|252;237;2133|264;226;2166|275;216;2200|286;206;2233|297;207;2266|308;209;2300|320;211;2333|331;215;2366|342;219;2400|353;225;2433|364;230;2466|376;230;2500|387;230;2533|390;223;2566|390;209;2600|390;197;2633|390;186;2666|390;176;2700|390;166;2733|390;158;2766|390;150;2800|390;147;2833|389;148;2866|385;149;2900|378;150;2933|370;150;2966|368;150;3000|368;150;3033|368;150;3066|368;136;3100|366;123;3133|360;111;3166|351;101;3200|340;91;3233|329;82;3266|318;74;3300|306;67;3333|295;61;3366|284;56;3400|273;52;3433|262;49;3466|250;47;3500|239;45;3533|228;45;3566|217;46;3600|206;48;3633|194;50;3666|183;54;3700|172;58;3733|161;64;3766|150;70;3800|138;78;3833|127;86;3866|116;96;3900|105;106;3933|94;117;3966|82;128;4000|71;139;4033|60;150;4066|49;150;4100|38;150;4133|26;150;4166|15;151;4200|10;153;4233|10;155;4266|10;158;4300|10;161;4333|10;164;4366|10;168;4400|10;172;4433|10;176;4466|12;181;4500|18;186;4533|26;193;4566|38;201;4600|49;209;4633|60;219;4666|71;229;4700|82;230;4733|94;223;4766|105;209;4800|116;197;4833|127;186;4866|138;187;4900|150;188;4933|161;191;4966|172;194;5000|183;199;5033|194;205;5066|206;211;5100|217;218;5133|228;227;5166|239;236;5200|250;247;5233|262;258;5266|273;269;5300|284;280;5333|295;291;5366|306;302;5400|318;314;5433|329;325;5466|340;336;5500|351;347;5533|362;358;5566|374;370;5600|382;381;5633|388;390;5666|390;390;5700|389;390;5733|385;390;5766|378;390;5800|367;390;5833|356;390;5866|345;390;5900|334;390;5933|322;390;5966|311;390;6000|300;390;6033|289;390;6066|278;390;6100|266;390;6133|255;390;6166|244;390;6200|233;390;6233|222;390;6266|210;390;6300|199;390;6333|188;390;6366|177;390;6400|166;390;6433|154;390;6466|143;390;6500|132;390;6533|121;390;6566|110;390;6600|98;390;6633|87;390;6666|76;390;6700|65;383;6733|54;369;6766|42;357;6800|31;346;6833|20;341;6866|10;342;6900|10;344;6933|10;346;6966|10;348;7000|22;334;7033|33;322;7066|44;310;7100|55;299;7133|66;289;7166|78;280;7200|89;272;7233|100;273;7266|111;275;7300|122;277;7333|134;281;7366|145;286;7400|150;291;7433|150;295;7466|150;300;7500|161;305;7533|172;311;7566|183;318;7600|194;326;7633|206;330;7666|217;330;7700|228;330;7733|239;330;7766|250;330;7800|258;316;7833|262;303;7866|262;291;7900|260;281;7933|254;271;7966|246;262;8000|234;254;8033|223;247;8066|212;248;8100|202;249;8133|194;252;8166|190;256;8200|190;260;8233|190;266;8266|190;270;8300|194;270;8333|202;270;8366|212;270;8400|223;270;8433|234;270;8466|246;270;8500|256;270;8533|263;272;8566|267;275;8600|268;278;8633|268;283;8666|268;288;8700|268;295;8733|268;302;8766|268;311;8800|268;320;8833|268;330;8866|268;330;8900|268;323;8933|268;309;8966|268;297;9000|267;286;9033|263;276;9066|256;266;9100|246;262;9133|234;263;9166|226;265;9200|220;269;9233|218;270;9266|218;270;9300|218;256;9333|219;243;9366|223;231;9400|230;221;9433|241;221;9466|252;223;9500|263;226;9533|274;229;9566|286;230;9600|292;230;9633|293;230;9666|293;230;9700|293;216;9733|290;203;9766|285;191;9800|276;181;9833|265;171;9866|265;171;9883', 1),
(27, 2, 21, NULL, 1856, '100;100;0|103;101;33|103;103;66|103;106;100|103;110;133|103;115;166|103;121;200|103;128;233|103;136;266|104;145;300|108;155;333|115;166;366|125;177;400|136;188;433|148;199;466|159;211;500|170;222;533|181;233;566|192;244;600|204;255;633|215;267;666|226;263;700|237;249;733|248;237;766|260;232;800|271;230;833|282;230;866|293;230;900|304;230;933|316;230;966|327;230;1000|338;230;1033|349;230;1066|360;230;1100|372;230;1133|383;230;1166|390;223;1200|390;209;1233|390;197;1266|390;186;1300|390;176;1333|390;166;1366|390;158;1400|388;150;1433|386;144;1466|385;138;1500|383;134;1533|379;130;1566|372;129;1600|362;130;1633|350;132;1666|342;135;1700|336;140;1733|329;145;1766|318;151;1800|307;158;1833|296;165;1866|285;174;1900|279;179;1933', 1),
(28, 1, 21, NULL, 992, '100;100;0|104;101;33|110;103;66|112;106;100|112;110;133|112;115;166|112;121;200|112;128;233|113;136;266|117;145;300|124;155;333|135;166;366|146;177;400|157;188;433|168;199;466|180;211;500|191;222;533|202;233;566|213;244;600|224;255;633|236;267;666|247;263;700|257;249;733|264;237;766|268;226;800|269;216;833|269;206;866|269;198;900|269;190;933|269;184;966|268;178;1000|267;176;1033', 0),
(35, 1, 20, NULL, 2304, '100;100;0|104;101;33|112;103;66|117;106;100|120;110;133|120;115;166|120;121;200|120;128;233|120;136;266|120;145;300|120;155;333|120;166;366|120;177;400|120;188;433|120;199;466|120;211;500|120;222;533|124;230;566|132;230;600|142;231;633|151;233;666|156;236;700|159;240;733|159;245;766|159;251;800|159;258;833|159;266;866|159;270;900|159;270;933|159;270;966|159;270;1000|159;270;1033|159;270;1066|159;270;1100|159;270;1133|159;270;1166|159;270;1200|159;270;1233|159;270;1266|159;270;1300|159;270;1333|159;270;1366|159;270;1400|159;270;1433|159;270;1466|159;270;1500|159;270;1533|159;270;1566|159;270;1600|159;270;1633|159;270;1666|159;270;1700|159;270;1733|159;270;1766|159;270;1800|159;270;1833|159;270;1866|159;270;1900|159;256;1933|159;243;1966|159;231;2000|160;221;2033|164;211;2066|171;202;2100|181;194;2133|192;187;2166|204;181;2200|215;176;2233|226;172;2266|237;169;2300|248;167;2333|260;170;2366|265;170;2400', 0);

-- --------------------------------------------------------

--
-- Structure de la table `skins`
--

CREATE TABLE `skins` (
  `id_s` int(11) NOT NULL,
  `title` varchar(255) DEFAULT NULL,
  `rarity` int(11) DEFAULT NULL,
  `price` int(11) DEFAULT NULL
) ENGINE=InnoDB DEFAULT CHARSET=utf8;

--
-- Contenu de la table `skins`
--

INSERT INTO `skins` (`id_s`, `title`, `rarity`, `price`) VALUES
(1, '0-0', 0, 100),
(2, '0-1', 0, 100),
(3, '0-2', 0, 100),
(4, '0-3', 0, 100),
(5, '0-4', 0, 100),
(6, '0-5', 0, 100),
(7, '0-6', 0, 100),
(8, '0-7', 0, 100),
(9, '0-8', 0, 100),
(10, '0-9', 0, 100),
(11, '0-10', 0, 100),
(12, '0-11', 0, 100),
(13, '0-12', 0, 100),
(14, '0-13', 0, 100),
(15, '0-14', 0, 100),
(16, '0-15', 0, 100),
(17, '0-16', 0, 100),
(18, '0-17', 0, 100),
(19, '0-18', 0, 100),
(20, '0-19', 0, 100),
(21, '0-20', 0, 100),
(22, '0-21', 0, 100),
(23, '0-22', 0, 100),
(24, '0-23', 0, 100),
(25, '0-24', 0, 100),
(26, '0-25', 0, 100),
(27, '0-26', 0, 100),
(28, '0-27', 0, 100),
(29, '0-28', 0, 100),
(30, '0-29', 0, 100),
(31, '0-30', 0, 100),
(32, '0-31', 0, 100),
(33, '0-32', 0, 100),
(34, '0-33', 0, 100),
(35, '0-34', 0, 100),
(36, '0-35', 0, 100),
(37, '0-36', 0, 100),
(38, '0-37', 0, 100),
(39, '0-38', 0, 100),
(40, '0-39', 0, 100),
(41, '0-40', 0, 100),
(42, '0-41', 0, 100),
(43, '0-42', 0, 100),
(44, '0-43', 0, 100),
(45, '0-44', 0, 100),
(46, '0-45', 0, 100),
(47, '0-46', 0, 100),
(48, '0-47', 0, 100),
(49, '0-48', 0, 100),
(50, '0-49', 0, 100),
(51, '1-0', 1, 100),
(52, '1-1', 1, 100),
(53, '1-2', 1, 100),
(54, '1-3', 1, 100),
(55, '1-4', 1, 100),
(56, '1-5', 1, 100),
(57, '1-6', 1, 100),
(58, '1-7', 1, 100),
(59, '1-8', 1, 100),
(60, '1-9', 1, 100),
(61, '1-10', 1, 100),
(62, '1-11', 1, 100),
(63, '1-12', 1, 100),
(64, '1-13', 1, 100),
(65, '1-14', 1, 100),
(66, '1-15', 1, 100),
(67, '1-16', 1, 100),
(68, '1-17', 1, 100),
(69, '1-18', 1, 100),
(70, '1-19', 1, 100),
(71, '1-20', 1, 100),
(72, '1-21', 1, 100),
(73, '1-22', 1, 100),
(74, '1-23', 1, 100),
(75, '1-24', 1, 100),
(76, '1-25', 1, 100),
(77, '1-26', 1, 100),
(78, '1-27', 1, 100),
(79, '1-28', 1, 100),
(80, '1-29', 1, 100),
(81, '2-0', 2, 100),
(82, '2-1', 2, 100),
(83, '2-2', 2, 100),
(84, '2-3', 2, 100),
(85, '2-4', 2, 100),
(86, '2-5', 2, 100),
(87, '2-6', 2, 100),
(88, '2-7', 2, 100),
(89, '2-8', 2, 100),
(90, '2-9', 2, 100),
(91, '2-10', 2, 100),
(92, '2-11', 2, 100),
(93, '2-12', 2, 100),
(94, '2-13', 2, 100),
(95, '2-14', 2, 100),
(96, '2-15', 2, 100),
(97, '2-16', 2, 100),
(98, '2-17', 2, 100),
(99, '2-18', 2, 100),
(100, '2-19', 2, 100),
(101, '2-20', 2, 100),
(102, '2-21', 2, 100),
(103, '2-22', 2, 100),
(104, '2-23', 2, 100),
(105, '2-24', 2, 100),
(106, '2-25', 2, 100),
(107, '2-26', 2, 100),
(108, '2-27', 2, 100),
(109, '2-28', 2, 100),
(110, '2-29', 2, 100),
(111, '3-0', 3, 100),
(112, '3-1', 3, 100),
(113, '3-2', 3, 100),
(114, '3-3', 3, 100),
(115, '3-4', 3, 100),
(116, '3-5', 3, 100),
(117, '3-6', 3, 100),
(118, '3-7', 3, 100),
(119, '3-8', 3, 100),
(120, '3-9', 3, 100),
(121, '3-10', 3, 100),
(122, '3-11', 3, 100),
(123, '3-12', 3, 100),
(124, '3-13', 3, 100),
(125, '3-14', 3, 100),
(126, '3-15', 3, 100),
(127, '3-16', 3, 100),
(128, '3-17', 3, 100),
(129, '3-18', 3, 100),
(130, '3-19', 3, 100),
(131, '3-20', 3, 100),
(132, '3-21', 3, 100),
(133, '3-22', 3, 100),
(134, '3-23', 3, 100),
(135, '3-24', 3, 100),
(136, '3-25', 3, 100),
(137, '3-26', 3, 100),
(138, '3-27', 3, 100),
(139, '3-28', 3, 100),
(140, '3-29', 3, 100);

-- --------------------------------------------------------

--
-- Structure de la table `users`
--

CREATE TABLE `users` (
  `id_u` int(11) NOT NULL,
  `login` varchar(255) DEFAULT NULL,
  `password` varchar(255) DEFAULT NULL,
  `token` text,
  `elo` int(11) DEFAULT NULL,
  `sigma` int(11) DEFAULT NULL,
  `xp` int(11) DEFAULT NULL,
  `golds` int(11) DEFAULT NULL,
  `gems` int(11) DEFAULT NULL,
  `nextdrop` int(11) DEFAULT NULL
) ENGINE=InnoDB DEFAULT CHARSET=utf8;

--
-- Contenu de la table `users`
--

INSERT INTO `users` (`id_u`, `login`, `password`, `token`, `elo`, `sigma`, `xp`, `golds`, `gems`, `nextdrop`) VALUES
(1, 'elbazia', 'aze', 'eyJhbGciOiJIUzI1NiIsInR5cCI6IkpXVCJ9.eyJpZCI6MSwibG9naW4iOiJlbGJhemlhIiwicGFzc3dvcmQiOiJhemUiLCJpYXQiOjE0NjQwODE1MTl9.OfPqyjKSZieMpZE0HvLwyzhE_kEX-7CYh84VFs3eIgo', 1852, 48, 36043, 593430, 0, 0),
(2, 'elgringo', 'aze', 'eyJhbGciOiJIUzI1NiIsInR5cCI6IkpXVCJ9.eyJpZCI6MiwibG9naW4iOiJlbGdyaW5nbyIsInBhc3N3b3JkIjoiYXplIiwiaWF0IjoxNDY0MDgxNTY5fQ.ecdH90SCSsev-jLsPq--ZJnIJpRb2OC86rHKy2IFnSc', 1060, 51, 19592, 19592, 0, 0),
(3, 'coco', 'aze', 'eyJhbGciOiJIUzI1NiIsInR5cCI6IkpXVCJ9.eyJpZCI6MywibG9naW4iOiJjb2NvIiwicGFzc3dvcmQiOiJhemUiLCJpYXQiOjE0NjQwODE2MTB9.DOKbxsYqdlp-cbNJQ1KBtU3QqCLn6qZRiSFiw2H3SNs', 1668, 48, 31181, 31181, 0, 0),
(4, 'mdr', 'aze', 'eyJhbGciOiJIUzI1NiIsInR5cCI6IkpXVCJ9.eyJpZCI6NCwibG9naW4iOiJtZHIiLCJwYXNzd29yZCI6ImF6ZSIsImlhdCI6MTQ2NDEyMjUxN30.jpJELPTIEp2b3H1IclaF79iViY4ZXIs7iFAERTYfqiY', 2036, 48, 37467, 37467, 0, 0),
(5, 'lol', 'aze', 'eyJhbGciOiJIUzI1NiIsInR5cCI6IkpXVCJ9.eyJpZCI6NSwibG9naW4iOiJsb2wiLCJwYXNzd29yZCI6ImF6ZSIsImlhdCI6MTQ2NDEyMjUzMX0.v1cr9PFKKjmX61t0RmJZgU9xIwVprjiXUPmT1ISD7xk', 1481, 48, 26149, 26149, 0, 0),
(6, 'juif', 'aze', 'eyJhbGciOiJIUzI1NiIsInR5cCI6IkpXVCJ9.eyJpZCI6NiwibG9naW4iOiJqdWlmIiwicGFzc3dvcmQiOiJhemUiLCJpYXQiOjE0NjQxMjI1NDR9.a9Eo8p27vY8IzW2ZIMma1gqe4uRAcTiUXyFdM_pRaag', 811, 54, 15573, 15573, 0, 0),
(7, 'caca', 'aze', 'eyJhbGciOiJIUzI1NiIsInR5cCI6IkpXVCJ9.eyJpZCI6NywibG9naW4iOiJjYWNhIiwicGFzc3dvcmQiOiJhemUiLCJpYXQiOjE0NjQxMjI1NTh9.tjLQ8-36Gzh7Zi3GL46viwG69ciRwNc8g_yKspivluE', 1279, 49, 22605, 22605, 0, 0),
(8, 'pipi', 'aze', 'eyJhbGciOiJIUzI1NiIsInR5cCI6IkpXVCJ9.eyJpZCI6OCwibG9naW4iOiJwaXBpIiwicGFzc3dvcmQiOiJhemUiLCJpYXQiOjE0NjQxMjI1NzV9.TdF_bs7vwVzv4AxLIqv4iJmHyabVtsKv49_nPP4e6OQ', 2437, 49, 17800, 17800, 0, 0),
(9, 'xptdr', 'aze', 'eyJhbGciOiJIUzI1NiIsInR5cCI6IkpXVCJ9.eyJpZCI6OSwibG9naW4iOiJ4cHRkciIsInBhc3N3b3JkIjoiYXplIiwiaWF0IjoxNDY0MTIyNTk5fQ.cHhmhRTgR3752fW2G2IqDStb8i85HxYPr9t3USObu78', 495, 59, 13486, 12086, 0, 0),
(10, 'elbazia2', 'aze', 'eyJhbGciOiJIUzI1NiIsInR5cCI6IkpXVCJ9.eyJpZCI6MTAsImxvZ2luIjoiZWxiYXppYTIiLCJwYXNzd29yZCI6ImF6ZSIsImlhdCI6MTQ2NDE4OTgwOX0.tqmr1jUzAXftqZV9vT-Z6HD6fbtsJxipMrfGswf5-Tg', 1500, 500, 0, 0, 0, NULL),
(11, 'nana', 'aze', 'eyJhbGciOiJIUzI1NiIsInR5cCI6IkpXVCJ9.eyJpZCI6MTEsImxvZ2luIjoibmFuYSIsInBhc3N3b3JkIjoiYXplIiwiaWF0IjoxNDY0Nzc2MzkzfQ.rnjygZxAJhZGwTV9VyjJxBm3wKfEGIEh8ZHTanG-qiU', 2415, 50, 42883, 42883, 0, NULL),
(12, 'lala', 'aze', 'eyJhbGciOiJIUzI1NiIsInR5cCI6IkpXVCJ9.eyJpZCI6MTIsImxvZ2luIjoibGFsYSIsInBhc3N3b3JkIjoiYXplIiwiaWF0IjoxNDY0OTQyODc2fQ.xb30t9bJarFWf17NxKLvp-gdwxc3vJejaVA2wwMNr1M', 2218, 49, 33439, 33439, 0, NULL),
(13, 'koak', 'aze', 'eyJhbGciOiJIUzI1NiIsInR5cCI6IkpXVCJ9.eyJpZCI6MTMsImxvZ2luIjoia29hayIsInBhc3N3b3JkIjoiYXplIiwiaWF0IjoxNDY0OTQyOTY3fQ.qjX-dBzm4aNYgldHh8_W5KyHUtjfqekj-3I66WypawQ', 2631, 60, 31744, 31744, 0, NULL),
(14, 'LEGROSZIZI', 'AZE', 'eyJhbGciOiJIUzI1NiIsInR5cCI6IkpXVCJ9.eyJpZCI6MTQsImxvZ2luIjoiTEVHUk9TWklaSSIsInBhc3N3b3JkIjoiQVpFIiwiaWF0IjoxNDY1MDYyOTg1fQ.tlS23d7FN9wcZz8x9famq400afX-ebUBLq1GedsHHg4', 1500, 350, 0, 0, 0, NULL),
(15, 'JESUISUNFDP', 'AZE', 'eyJhbGciOiJIUzI1NiIsInR5cCI6IkpXVCJ9.eyJpZCI6MTUsImxvZ2luIjoiSkVTVUlTVU5GRFAiLCJwYXNzd29yZCI6IkFaRSIsImlhdCI6MTQ2NTEzMDUxNH0.OT84FcyWHut3JoD_QMNRHPYcD8qx4oiq92_q8MVr0N8', 1500, 350, 0, 0, 0, NULL),
(16, 'LeZiziGeant', 'aze', 'eyJhbGciOiJIUzI1NiIsInR5cCI6IkpXVCJ9.eyJpZCI6MTYsImxvZ2luIjoiTGVaaXppR2VhbnQiLCJwYXNzd29yZCI6ImF6ZSIsImlhdCI6MTQ2NTE0OTM4MH0.Mi_cFtzyTSd8OPj1ImwTegAx5K4_kyYIRfusgZw4IpU', 1500, 350, 0, 0, 0, NULL),
(17, 'LAL', 'aze', 'eyJhbGciOiJIUzI1NiIsInR5cCI6IkpXVCJ9.eyJpZCI6MTcsImxvZ2luIjoiTEFMIiwicGFzc3dvcmQiOiJhemUiLCJpYXQiOjE0NjUxNDk0NDZ9.MSK54FAYymxUblOs9eVVPO0qgD4Y1C_3D_WaIH7eugk', 1500, 350, 0, 0, 0, NULL),
(18, 'PENISHURLANT', 'aze', 'eyJhbGciOiJIUzI1NiIsInR5cCI6IkpXVCJ9.eyJpZCI6MTgsImxvZ2luIjoiUEVOSVNIVVJMQU5UIiwicGFzc3dvcmQiOiJhemUiLCJpYXQiOjE0NjUxNDk1MTh9.JaGBe17-xdEgKtwXDnTZG5Dmbm9wkEzzyGTzflNT88A', 1500, 350, 0, 0, 0, NULL),
(19, 'JESUISUNGROSJUIFMECHANT', 'aze', 'eyJhbGciOiJIUzI1NiIsInR5cCI6IkpXVCJ9.eyJpZCI6MTksImxvZ2luIjoiSkVTVUlTVU5HUk9TSlVJRk1FQ0hBTlQiLCJwYXNzd29yZCI6ImF6ZSIsImlhdCI6MTQ2NTE0OTU0NX0.8d5P79To0QBWzqHQu_0wgT5rOMXJFXncYOJCCmidm2o', 1500, 350, 0, 0, 0, NULL),
(20, 'vincent', 'aze', 'eyJhbGciOiJIUzI1NiIsInR5cCI6IkpXVCJ9.eyJpZCI6MjAsImxvZ2luIjoidmluY2VudCIsInBhc3N3b3JkIjoiYXplIiwiaWF0IjoxNDY1MzE4NzkxfQ.yxprPjiWMNRVI1VEK8DocVp_C1_Spq-4Y1NXJKIKx1M', 1500, 350, 715, 480, 0, 1465329818),
(21, 'bazia', 'aze', 'eyJhbGciOiJIUzI1NiIsInR5cCI6IkpXVCJ9.eyJpZCI6MjEsImxvZ2luIjoiYmF6aWEiLCJwYXNzd29yZCI6ImF6ZSIsImlhdCI6MTQ2NTMxODg5M30.k5b9h8EkjVgF-CnYCjBTkcxDUzuWXu9zGGkO4kt4-Jw', 1500, 350, 7131, 1459, 93, 1465329422);

-- --------------------------------------------------------

--
-- Structure de la table `user_achievement`
--

CREATE TABLE `user_achievement` (
  `id_ua` int(11) NOT NULL,
  `id_u` int(11) DEFAULT NULL,
  `id_a` int(11) DEFAULT NULL
) ENGINE=InnoDB DEFAULT CHARSET=utf8;

-- --------------------------------------------------------

--
-- Structure de la table `user_skin`
--

CREATE TABLE `user_skin` (
  `id_us` int(11) NOT NULL,
  `id_u` int(11) DEFAULT NULL,
  `id_s` int(11) DEFAULT NULL
) ENGINE=InnoDB DEFAULT CHARSET=utf8;

--
-- Contenu de la table `user_skin`
--

INSERT INTO `user_skin` (`id_us`, `id_u`, `id_s`) VALUES
(1, 1, 104),
(2, 1, 57),
(3, 1, 31),
(4, 1, 40),
(5, 1, 9),
(6, 1, 80),
(7, 1, 21),
(8, 1, 56),
(9, 1, 28),
(10, 1, 23),
(11, 1, 19),
(12, 1, 16),
(13, 1, 24),
(14, 1, 42),
(15, 1, 12),
(16, 1, 54),
(17, 1, 46),
(18, 1, 13),
(19, 1, 6),
(20, 1, 17),
(21, 1, 2),
(22, 1, 32),
(23, 1, 34),
(24, 1, 41),
(25, 1, 4),
(26, 1, 39),
(27, 1, 3),
(28, 1, 48),
(29, 1, 43),
(30, 1, 76),
(31, 1, 59),
(32, 1, 87),
(33, 1, 49),
(34, 1, 67),
(35, 1, 35),
(36, 1, 62),
(37, 1, 60),
(38, 1, 66),
(39, 1, 8),
(40, 1, 44),
(41, 1, 84),
(42, 1, 52),
(43, 1, 1),
(44, 1, 77),
(45, 1, 102),
(46, 1, 30),
(47, 1, 25),
(48, 1, 26),
(49, 1, 58),
(50, 1, 33),
(51, 1, 68),
(52, 1, 78),
(53, 1, 38),
(54, 1, 10),
(55, 1, 20),
(56, 1, 70),
(57, 1, 47),
(58, 1, 15),
(59, 1, 97),
(60, 1, 55),
(61, 1, 18),
(62, 1, 27),
(63, 1, 72),
(64, 1, 7),
(65, 1, 53),
(66, 1, 5),
(67, 1, 65),
(68, 1, 75),
(69, 1, 64),
(70, 1, 50),
(71, 1, 11),
(72, 1, 37),
(73, 1, 91),
(74, 1, 22),
(75, 1, 79),
(76, 1, 29),
(77, 1, 105),
(78, 1, 45),
(79, 1, 96),
(80, 1, 14),
(81, 1, 73),
(82, 1, 86),
(83, 1, 106),
(84, 1, 63),
(85, 1, 95),
(86, 1, 101),
(87, 1, 109),
(88, 1, 81),
(89, 1, 71),
(90, 1, 94),
(91, 1, 51),
(92, 1, 100);

--
-- Index pour les tables exportées
--

--
-- Index pour la table `achievements`
--
ALTER TABLE `achievements`
  ADD PRIMARY KEY (`id_a`);

--
-- Index pour la table `followers`
--
ALTER TABLE `followers`
  ADD PRIMARY KEY (`id_f`);

--
-- Index pour la table `maps`
--
ALTER TABLE `maps`
  ADD PRIMARY KEY (`id_m`);

--
-- Index pour la table `runs`
--
ALTER TABLE `runs`
  ADD PRIMARY KEY (`id_r`);

--
-- Index pour la table `skins`
--
ALTER TABLE `skins`
  ADD PRIMARY KEY (`id_s`);

--
-- Index pour la table `users`
--
ALTER TABLE `users`
  ADD PRIMARY KEY (`id_u`);

--
-- Index pour la table `user_achievement`
--
ALTER TABLE `user_achievement`
  ADD PRIMARY KEY (`id_ua`);

--
-- Index pour la table `user_skin`
--
ALTER TABLE `user_skin`
  ADD PRIMARY KEY (`id_us`);

--
-- AUTO_INCREMENT pour les tables exportées
--

--
-- AUTO_INCREMENT pour la table `achievements`
--
ALTER TABLE `achievements`
  MODIFY `id_a` int(11) NOT NULL AUTO_INCREMENT, AUTO_INCREMENT=2;
--
-- AUTO_INCREMENT pour la table `followers`
--
ALTER TABLE `followers`
  MODIFY `id_f` int(11) NOT NULL AUTO_INCREMENT;
--
-- AUTO_INCREMENT pour la table `maps`
--
ALTER TABLE `maps`
  MODIFY `id_m` int(11) NOT NULL AUTO_INCREMENT, AUTO_INCREMENT=3;
--
-- AUTO_INCREMENT pour la table `runs`
--
ALTER TABLE `runs`
  MODIFY `id_r` int(11) NOT NULL AUTO_INCREMENT, AUTO_INCREMENT=36;
--
-- AUTO_INCREMENT pour la table `skins`
--
ALTER TABLE `skins`
  MODIFY `id_s` int(11) NOT NULL AUTO_INCREMENT, AUTO_INCREMENT=141;
--
-- AUTO_INCREMENT pour la table `users`
--
ALTER TABLE `users`
  MODIFY `id_u` int(11) NOT NULL AUTO_INCREMENT, AUTO_INCREMENT=22;
--
-- AUTO_INCREMENT pour la table `user_achievement`
--
ALTER TABLE `user_achievement`
  MODIFY `id_ua` int(11) NOT NULL AUTO_INCREMENT;
--
-- AUTO_INCREMENT pour la table `user_skin`
--
ALTER TABLE `user_skin`
  MODIFY `id_us` int(11) NOT NULL AUTO_INCREMENT, AUTO_INCREMENT=93;
/*!40101 SET CHARACTER_SET_CLIENT=@OLD_CHARACTER_SET_CLIENT */;
/*!40101 SET CHARACTER_SET_RESULTS=@OLD_CHARACTER_SET_RESULTS */;
/*!40101 SET COLLATION_CONNECTION=@OLD_COLLATION_CONNECTION */;
